item_code,item_name,category,uom,predicted_rate,source,last_po_price,last_po_date,erp_rate,live_metal_rate
WB-606-00022,"Aluminium Brazing Rod, Size:2 mm",WB-606-,KGS,432.32,costing formula (live metal),,,7000,367.9
WB-606-00010,"AL TIG Welding Rod, Ø2.4mm",WB-606-,KGS,432.32,costing formula (live metal),900.0,2025-07-31,900,367.9
WB-606-00004,"Aluminium Brazing Rod, Size:5mm",WB-606-,KGS,432.32,costing formula (live metal),,,440,367.9
AL-222-00164,Al Strip 11 x 1.8 (Bare) with 0.5mm covering - 0.12SE +2 Layers of polyester of 20u with 50% overlap+ varnish bonded fibre glass filament ( Fine covering) acc to IS 11597-1986,AL-222-,KGS,432.32,costing formula (live metal),,,416,367.9
AL-222-00207,"AL Rectangular Conductor, Aluminium Strip, As per IS:13730 | IEC 60317-Part-28, Class-H, Size: 11 × 5, Super Enamelled 0.11 mm (Finished OD= 11.11×5.11)",AL-222-,KGS,436.02,costing formula (live metal),,,415,367.9
AL-222-00220,"AL Round Conductor, Aluminium Wire Ø4.2 MM, Super Enameled 0.11mm, Grade-2, Class H , IS 13730 | IEC 60317 | Part - 8 (Finished OD=4.31 MM)",AL-222-,KGS,436.02,costing formula (live metal),,,415,367.9
PKG-000-00035,Aluminium Foil Cover Bag,PKG-000-,KGS,432.32,costing formula (live metal),,,410,367.9
AL-222-00208,"AL Rectangular Conductor, Aluminium Strip, As per IS:13730 | IEC 60317-Part-28, Class-H, Size: 5.5 × 3.5, Super Enamelled 0.11 mm (Finished OD= 5.61×3.61)",AL-222-,KGS,436.02,costing formula (live metal),,,405,367.9
AL-222-00217,"AL Rectangular Conductor, Aluminium Strip, As per IS:13730 | IEC 60317-Part-28, Class-H, Size: 6×3, Super Enamelled 0.12 mm (Finished OD=6.12×3.12)",AL-222-,KGS,436.02,costing formula (live metal),407.2,2025-10-30,405,367.9
AL-222-00205,"AL Rectangular Conductor, Aluminium Strip, As per IS:13730 | IEC 60317-Part-28, Class-H, Size: 7.5×3.5, Super Enamelled 0.11 mm (Finished OD=7.61×3.61)",AL-222-,KGS,436.02,costing formula (live metal),,,405,367.9
AL-111-00002,"Aluminium Foil, Electrical Grade:1050, Size: 250 (Width) X 1 MM (Thick)",AL-111-,KGS,432.32,costing formula (live metal),335.0,2025-10-03,400,367.9
AL-222-00033,"AL Round Conductor, Aluminium Wire Ø0.70 MM, Super Enameled 0.11mm, Grade-2, Class H",AL-222-,KGS,436.02,costing formula (live metal),,,393,367.9
AL-222-00055,"AL Rectangular Conductor, Aluminium Strip 8.0 X 4.0 MM, Super Enameled 0.08MM, Finished OD = 8.08 x 4.08 mm, Grade 2, Class H.",AL-222-,KGS,436.02,costing formula (live metal),,,390,367.9
AL-222-00046,"AL Round Conductor, Aluminium Wire Ø 0.35 MM, Enameled 0.06mm, Grade-2, Class H, Finished OD = 0.41 mm",AL-222-,KGS,436.02,costing formula (live metal),470.0,2026-02-24,389,367.9
AL-222-00034,"AL Round Conductor, Aluminium Wire Ø0.80 MM, Super Enameled 0.11mm, Grade-2, Class H",AL-222-,KGS,436.02,costing formula (live metal),,,389,367.9
AL-222-00038,"AL Round Conductor, Aluminium Wire Ø1.40 MM, Super Enameled 0.11mm, Grade-2, Class H",AL-222-,KGS,436.02,costing formula (live metal),397.0,2025-11-20,388,367.9
AL-222-00219,"AL Round Conductor, Aluminium Wire Ø3.251 MM, Super Enameled 0.11mm, Grade-2, Class H , IS 13730 | IEC 60317 | Part - 8 (Finished OD=3.361 MM)",AL-222-,KGS,436.02,costing formula (live metal),,,385,367.9
AL-222-00058,"Aluminium Wire Multi Paper Covering (MPC), As per IS:6162-Part-1, Class-A, Size: Dia - 3.8 MM, PC 1 MM Paper Covering(Finished OD=5.8 MM)",AL-222-,KGS,432.32,costing formula (live metal),,,372,367.9
AL-111-00033,"Aluminium Busbar 10 X 40 X 3660,6101 T6",AL-111-,KGS,415.26,costing formula (live metal),,,371,367.9
AL-111-00032,"Aluminium Busbar 10 X 80 X 3660,6101 T6",AL-111-,KGS,415.26,costing formula (live metal),,,371,367.9
AL-111-00031,"Aluminium Busbar 12 X 63 X 3660,6101 T6",AL-111-,KGS,415.26,costing formula (live metal),,,371,367.9
AL-222-00040,"AL Rectangular Conductor, Aluminium Strip 6.0 X 3.0 MM, Super Enameled 0.11MM, Grade-2, Class H",AL-222-,KGS,436.02,costing formula (live metal),,,370,367.9
AL-222-00126,"AL Rectangular Conductor, Aluminium Strip 8 X 3.5 MM, Super Enameled 0.11MM, Grade-2, Class H",AL-222-,KGS,436.02,costing formula (live metal),,,370,367.9
AL-222-00050,"AL Round Conductor, Aluminium Wire Ø3.25 MM, Super Enameled 0.11mm",AL-222-,KGS,436.02,costing formula (live metal),,,370,367.9
AL-222-00060,"Aluminium Strip, As per IS 13730 | IEC 60317 | Part - 28 Class-H Size:  7 x 3 Enamelled 0.11 MM (Finished OD=7.11 x 3.11)",AL-222-,KGS,432.32,costing formula (live metal),510.0,2026-08-03,370,367.9
AL-222-00051,"AL Round Conductor, Aluminium Wire Ø2.33 MM, Super Enameled 0.11mm",AL-222-,KGS,452.78,recent PO (age-weighted),450.0,2026-01-17,369,367.9
AL-222-00036,"AL Rectangular Conductor, Aluminium Strip 9.0 X 3.0 MM, Super Enameled 0.11MM, Grade-2, Class H",AL-222-,KGS,436.02,costing formula (live metal),,,367,367.9
AL-222-00041,"AL Round Conductor, Aluminium Wire Ø0.90 MM, Super Enameled 0.09mm, Finished OD = 1 mm",AL-222-,KGS,449.45,recent PO (age-weighted),440.0,2026-02-24,366,367.9
AL-222-00196,"AL Rectangular Conductor, Aluminium Strip, As per IS:13730 | IEC 60317-Part-28, Class-H, Size: 12.8 × 3, FG Covering 0.3 mm (Finished OD= 13.1 × 3.3)",AL-222-,KGS,436.02,costing formula (live metal),,,364,367.9
AL-222-00044,"AL Rectangular Conductor, Aluminium Strip 4.5 X 2.5 MM, Super Enameled 0.11MM, Class H",AL-222-,KGS,422.0,recent PO (age-weighted),422.0,2025-11-20,360,367.9
AL-222-00052,"AL Round Conductor, Aluminium Wire Ø1.2 MM, Super Enameled  0.11mm",AL-222-,KGS,436.02,costing formula (live metal),,,360,367.9
AL-222-00054,"AL Round Conductor, Aluminium Wire Ø3.6 MM, Super Enameled 0.11mm",AL-222-,KGS,436.02,costing formula (live metal),,,360,367.9
AL-222-00029,"AL Round Conductor, Aluminium Wire Ø2.6 MM, Super Enameled 0.12mm, Grade-2, Class H, Finished OD = 2.72mm",AL-222-,KGS,436.02,costing formula (live metal),493.0,2026-08-01,357,367.9
AL-222-00031,"AL Round Conductor, Aluminium Wire Ø1.00 MM, Super Enameled 0.09mm, Grade-2, Class H, Finished OD = 1.09 mm",AL-222-,KGS,436.02,costing formula (live metal),483.0,2026-08-01,354,367.9
AL-111-00019,"Aluminium Foil, Electrical Grade:1050, Size: 380 (Width) X 0.6 MM (Thick) (Hardness less than 30)",AL-111-,KGS,432.32,costing formula (live metal),,,350,367.9
AL-222-00134,"Aluminium Busbar, Electrical Grade: A6101-T6, Size: 30(W) x 5(T) MM",AL-222-,KGS,415.26,costing formula (live metal),,,345,367.9
AL-222-00224,"Aluminium Busbar, Electrical Grade: A6101-T6, Size: 60(W) x 8(T) MM",AL-222-,KGS,415.26,costing formula (live metal),,,345,367.9
AL-222-00072,"Aluminium Strip, As per IS 13730 | IEC 60317 | Part - 8 Class-H Size: 7 x 2 Enamelled 0.11 MM (Finished OD=7.1 x 2.1)",AL-222-,KGS,432.32,costing formula (live metal),,,345,367.9
AL-222-00030,"AL Round Conductor, Aluminium Wire Ø3.20 MM, Super Enameled 0.11mm, Grade-2, Class H",AL-222-,KGS,436.02,costing formula (live metal),470.0,2026-02-03,344,367.9
AL-222-00023,"AL Round Conductor, Aluminium Wire Ø2.90 MM, Super Enameled 0.11mm",AL-222-,KGS,436.02,costing formula (live metal),,,343,367.9
AL-222-00018,"AL Round Conductor, Aluminium Wire Ø1.8 MM, Super Enameled  0.11mm",AL-222-,KGS,436.02,costing formula (live metal),390.0,2025-09-29,341,367.9
AL-222-00026,"AL Rectangular Conductor, Aluminium Strip 8.0 X 3.0 MM, Super Enameled 0.11MM, Grade-2, Class H",AL-222-,KGS,436.02,costing formula (live metal),,,340,367.9
AL-111-00015,"Aluminium Foil, Electrical Grade:1050, Size: 200 (Width) X 2 MM (Thick) (Hardness less than 30)",AL-111-,KGS,432.32,costing formula (live metal),479.3,2026-06-02,339,367.9
AL-222-00110,"AL Round Conductor, Aluminium Wire Ø2.94 MM, Super Enameled 0.11mm, Grade-2, Class H",AL-222-,KGS,436.02,costing formula (live metal),,,335,367.9
AL-222-00187,"AL Conductor, Aluminium Strip 6 x 3 mm,Super Enameled  0.08mm , Aluminium Strip, As per IS:13730-Part-27, Class-H, Finished OD: 6.08 X 3.08 mm",AL-222-,KGS,436.02,costing formula (live metal),,,330,367.9
AL-222-00035,"AL Rectangular Conductor, Aluminium Strip 10.0 X 3.5 MM, Super Enameled 0.11MM, Grade-2, Class H",AL-222-,KGS,436.02,costing formula (live metal),,,330,367.9
AL-222-00106,"AL Rectangular Conductor, Aluminium Strip, As per IS:13730 | IEC 60317-Part-28, Class-H, Size: 8×3, Super Enamelled 0.12 mm (Finished OD= 8.12×3.12)",AL-222-,KGS,436.02,costing formula (live metal),417.0,2025-11-13,330,367.9
AL-222-00021,"AL Round Conductor, Aluminium Wire Ø2.30 MM, Super Enameled  0.11mm",AL-222-,KGS,436.02,costing formula (live metal),402.0,2025-11-20,330,367.9
AL-222-00043,"AL Rectangular Conductor, Aluminium Strip 5.0 X 3.5 MM, Super Enameled 0.11MM, Class H",AL-222-,KGS,436.02,costing formula (live metal),410.0,2025-09-29,325,367.9
AL-222-00102,"AL Rectangular Conductor, Aluminium Strip, As per IS:13730 | IEC 60317-Part-28, Class-H, Size: 10.5×3, Super Enamelled 0.11 mm (Finished OD= 10.61×3.11)",AL-222-,KGS,436.02,costing formula (live metal),,,325,367.9
AL-222-00109,"AL Rectangular Conductor, Aluminium Strip, As per IS:13730 | IEC 60317-Part-28, Class-H, Size: 12.6×2.8, Super Enamelled 0.12 mm (Finished OD= 12.72×2.92)",AL-222-,KGS,436.02,costing formula (live metal),,,325,367.9
AL-222-00039,"AL Round Conductor, Aluminium Wire Ø2.00 MM, Super Enameled 0.11mm, Class H",AL-222-,KGS,436.02,costing formula (live metal),,,325,367.9
AL-222-00108,"AL Rectangular Conductor, Aluminium Strip, As per IS:13730 | IEC 60317-Part-28, Class-H, Size: 8.5×3, Super Enamelled 0.12 mm (Finished OD= 8.62×3.12)",AL-222-,KGS,436.02,costing formula (live metal),,,324,367.9
AL-222-00150,"AL Rectangular Conductor, Aluminium Strip, As per IS:13730 | IEC 60317-Part-28, Class-H, Size: 5.1 × 2.5, Super Enamelled 0.11 mm (Finished OD= 5.21 × 2.61)",AL-222-,KGS,436.02,costing formula (live metal),,,323,367.9
AL-222-00147,"AL Round Conductor, Aluminium Wire Ø2.8 MM, Super Enameled 0.11mm, Grade-2, Class H, Finished OD = 2.91 mm",AL-222-,KGS,436.02,costing formula (live metal),,,323,367.9
AL-222-00148,"AL Round Conductor, Aluminium Wire Ø3.1 MM, Super Enameled 0.11mm, Grade-2, Class H, Finished OD = 3.21 mm",AL-222-,KGS,436.02,costing formula (live metal),,,323,367.9
AL-222-00057,"Aluminium Strip, As per IS:6162-Part-2, Class-A, Size:  6.6 x 1.6, PC 0.35 MM Kraft Paper Covering(Finished OD=6.95 x 1.95",AL-222-,KGS,432.32,costing formula (live metal),,,322,367.9
AL-222-00107,"AL Rectangular Conductor, Aluminium Strip, As per IS:13730 | IEC 60317-Part-28, Class-H, Size: 9.5×3, Super Enamelled 0.12 mm (Finished OD= 9.62×3.12)",AL-222-,KGS,436.02,costing formula (live metal),,,321,367.9
AL-222-00135,"AL Rectangular Conductor, Aluminium Strip, As per IS:13730 | IEC 60317-Part-28, Class-H, Size: 8.5 × 4.5, FG Covering 0.3 mm (Finished OD= 8.8 × 4.8)",AL-222-,KGS,436.02,costing formula (live metal),,,320,367.9
AL-222-00059,"AL Round Conductor, Aluminium Wire Ø2.5 MM, Super Enameled 0.11mm, Grade-2, Class H",AL-222-,KGS,436.02,costing formula (live metal),498.0,2026-08-10,320,367.9
AL-222-00218,"AL Round Conductor, Aluminium Wire Ø3.0 MM, Super Enameled 0.11mm, Grade-2, Class H , IS 13730 | IEC 60317 | Part - 8 (Finished OD=3.11 MM)",AL-222-,KGS,436.02,costing formula (live metal),395.0,2025-10-30,320,367.9
AL-222-00165,Aluminium Conductor – 11 x 4.8 with 0.3mm FG covering,AL-222-,KGS,436.02,costing formula (live metal),,,320,367.9
AL-222-00053,"AL Rectangular Conductor, Aluminium Strip 10.0 X 3.0 MM, Super Enameled 0.11MM",AL-222-,KGS,436.02,costing formula (live metal),,,318,367.9
AL-111-00004,"Aluminium Foil, Electrical Grade:1050, Size: 340 (Width) X 1.5 MM (Thick) (Hardness less than 30)",AL-111-,KGS,436.08,recent PO (age-weighted),479.3,2026-06-02,316,367.9
AL-222-00124,"AL Rectangular Conductor, Aluminium Strip, As per IS:13730 | IEC 60317-Part-28, Class-H, Size: 5 × 2, Super Enamelled 0.12 mm (Finished OD= 5.12×2.12)",AL-222-,KGS,436.02,costing formula (live metal),,,315,367.9
AL-222-00075,"AL Rectangular Conductor, Aluminium Strip, As per IS:13730-Part-27, Class-H, Size: 12.6 x2.8, Super Enamelled 0.12 mm",AL-222-,KGS,436.02,costing formula (live metal),,,315,367.9
AL-222-00179,"Aluminium Busbar , Electrical Grade: A6101-T6, Size: 50(W) X 6(T) mm",AL-222-,KGS,415.26,costing formula (live metal),435.8,2026-06-24,315,367.9
AL-222-00132,"AL Rectangular Conductor, Aluminium Strip 8 X 2.5 MM, Super Enameled 0.11MM, Grade-2, Class H",AL-222-,KGS,436.02,costing formula (live metal),,,313,367.9
AL-222-00136,"AL Rectangular Conductor, Aluminium Strip, As per IS:13730 | IEC 60317-Part-28, Class-H, Size: 10.5×3.5, Super Enamelled 0.11 mm (Finished OD= 10.61×3.61)",AL-222-,KGS,436.02,costing formula (live metal),,,313,367.9
AL-222-00145,"AL Rectangular Conductor, Aluminium Strip, As per IS:13730 | IEC 60317-Part-28, Class-H, Size: 11 × 4.5, Super Enamelled 0.11 mm (Finished OD= 11.11 × 4.61)",AL-222-,KGS,436.02,costing formula (live metal),,,313,367.9
AL-222-00153,"AL Rectangular Conductor, Aluminium Strip, As per IS:13730 | IEC 60317-Part-28, Class-H, Size: 11.2×3, Super Enamelled 0.12 mm (Finished OD= 11.32×3.62)",AL-222-,KGS,436.02,costing formula (live metal),,,313,367.9
AL-222-00156,"AL Rectangular Conductor, Aluminium Strip, As per IS:13730 | IEC 60317-Part-28, Class-H, Size: 11×4, Super Enamelled 0.12 mm (Finished OD= 11.12×4.12)",AL-222-,KGS,436.02,costing formula (live metal),,,313,367.9
AL-222-00155,"AL Rectangular Conductor, Aluminium Strip, As per IS:13730 | IEC 60317-Part-28, Class-H, Size: 14×3.5, Super Enamelled 0.12 mm (Finished OD= 14.12×3.62)",AL-222-,KGS,436.02,costing formula (live metal),,,313,367.9
AL-222-00149,"AL Rectangular Conductor, Aluminium Strip, As per IS:13730 | IEC 60317-Part-28, Class-H, Size: 6.5 × 3.5, Super Enamelled 0.11 mm (Finished OD= 6.61 × 3.61)",AL-222-,KGS,436.02,costing formula (live metal),,,313,367.9
AL-222-00152,"AL Rectangular Conductor, Aluminium Strip, As per IS:13730 | IEC 60317-Part-28, Class-H, Size: 8.3×2.5, Super Enamelled 0.11 mm (Finished OD= 8.41×2.61)",AL-222-,KGS,417.0,recent PO (age-weighted),417.0,2025-11-20,313,367.9
AL-222-00101,"AL Rectangular Conductor, Aluminium Strip, As per IS:13730 | IEC 60317-Part-28, Class-H, Size: 9×2.5, Super Enamelled 0.11 mm (Finished OD= 9.11×2.61)",AL-222-,KGS,436.02,costing formula (live metal),,,313,367.9
AL-222-00154,"AL Rectangular Conductor, Aluminium Strip, As per IS:13730 | IEC 60317-Part-28, Class-H, Size: 9×4, Super Enamelled 0.12 mm (Finished OD= 9.12×4.12)",AL-222-,KGS,436.02,costing formula (live metal),,,313,367.9
AL-222-00074,"AL Round Conductor, Aluminium Wire Ø2.2 MM, Super Enameled 0.1mm, Grade-2, Class H , IS 13730 | IEC 60317 | Part - 8 (Finished OD=2.3 MM)",AL-222-,KGS,436.02,costing formula (live metal),402.0,2025-11-20,310,367.9
AL-222-00190,Aluminium Bus Bar Electrical Grade : A6101-T6 Size 40(W) x 12(T),AL-222-,KGS,415.26,costing formula (live metal),327.0,2025-09-15,299,367.9
AL-222-00188,Aluminium Bus Bar Electrical Grade : A6101-T6 Size 40(W) x 8(T),AL-222-,KGS,415.26,costing formula (live metal),327.0,2025-09-16,295,367.9
AL-222-00004,"AL Conductor, Aluminium Strip 10.5 x 3.25mm,Super Enameled  0.12mm , Aluminium Strip, As per IS:13730-Part-27, Class-H",AL-222-,KGS,436.02,costing formula (live metal),,,290,367.9
AL-222-00003,"AL Conductor, Aluminium Strip 11.4 x 3.55mm,Super Enameled  0.12mm",AL-222-,KGS,436.02,costing formula (live metal),,,290,367.9
AL-222-00015,"Aluminium Wire Multi Paper Covering (MPC), As per IS:6162-Part-1, Class-A, Size: Dia - 3 MM, PC 2 MM Paper Covering",AL-222-,KGS,432.32,costing formula (live metal),,,290,367.9
AL-222-00013,"Aluminium Busbar, Electrical Grade: A6101-T6, Size: 30(W) x 6(T)mm",AL-222-,KGS,415.26,costing formula (live metal),,,279,367.9
AL-111-00013,"Aluminium Foil, Electrical Grade:1050, Size: 100 (Width) X 0.5 MM (Thick) (Hardness less than 30)",AL-111-,KGS,432.32,costing formula (live metal),,,275,367.9
AL-111-00017,"Aluminium Foil, Electrical Grade:1050, Size: 200 (Width) X 0.5 MM (Thick) (Hardness less than 30)",AL-111-,KGS,432.32,costing formula (live metal),,,275,367.9
AL-111-00012,"Aluminium Foil, Electrical Grade:1050, Size: 250 (Width) X 0.5 MM (Thick) (Hardness less than 30)",AL-111-,KGS,432.32,costing formula (live metal),,,275,367.9
AL-111-00011,"Aluminium Foil, Electrical Grade:1050, Size: 300 (Width) X 0.5 MM (Thick) (Hardness less than 30)",AL-111-,KGS,432.32,costing formula (live metal),,,275,367.9
AL-222-00002,"AL Conductor, Aluminium 12 x 4.60mm, PC 0.40mm",AL-222-,KGS,436.02,costing formula (live metal),,,195,367.9
AL-222-00001,"AL Conductor, Aluminium 5.50 X 2.00mm, PC 0.40mm",AL-222-,KGS,436.02,costing formula (live metal),,,192,367.9
CMP-444-00138,"FG Sheet, Grade: GPO3, 10 MM (Thickness)",CMP-444-,KGS,293.03,recent PO (age-weighted),290.0,2026-07-24,350,175.0
CC-555-00018,"Limb Core Lamination Strips, Size : 44(L) x 130(W) mm, Grade : CRGO M3-0.23(T) mm, Core Loss : 0.68W/kg @ 1.5T 50Hz, As per drawing no : 5004-B02-02",CC-555-,KGS,265.0,recent PO (age-weighted),265.0,2026-03-02,290,175.0
CC-555-00017,"Yoke Core Lamination Strips, Size : 380(L) x 130(W) mm, Grade : CRGO M3-0.23(T) mm, Core Loss : 0.68W/kg @ 1.5T 50Hz, As per drawing no : 5004-B01-02",CC-555-,KGS,265.0,recent PO (age-weighted),265.0,2026-03-02,290,175.0
CC-555-00378,"Core Lamination Strips - 1, Size : 320(L) X 40(W), Grade: CRGO, MOH-0.23 thk MM, Max Core Loss 0.65 W/Kg@1.5 T, 50Hz, As Per Drawing No: 2028-B01-02",CC-555-,KGS,262.03,recent PO (age-weighted),265.0,2025-10-17,285,175.0
CC-555-00379,"Core Lamination Strips - 2, Size : 190(L) X 40(W), Grade: CRGO, MOH-0.23 thk MM, Max Core Loss 0.65 W/Kg@1.5 T, 50Hz, As Per Drawing No: 2028-B02-02",CC-555-,KGS,262.03,recent PO (age-weighted),265.0,2025-10-17,285,175.0
CC-555-00380,"Core Lamination Strips - 3, Size : 115(L) X 40(W), Grade: CRGO, MOH-0.23 thk MM, Max Core Loss 0.65 W/Kg@1.5 T, 50Hz, As Per Drawing No: 2028-B03-02",CC-555-,KGS,262.03,recent PO (age-weighted),265.0,2025-10-17,285,175.0
CC-555-00325,"Limb Core Lamination Strips, Size: 50(L) X 90(W), Grade: CRGO,M3, 0.23 thk MM, Max Core Loss 0.68 W/Kg@1.5 T, 50Hz, As per drawing No: 5014-03-00-03",CC-555-,KGS,175.0,metal benchmark (indicative),,,280,175.0
CC-555-00328,"Yoke Core Lamination Strips, Size: 375(L) X 75(W), Grade: CRGO,M3, 0.23 thk MM, Max Core Loss 0.68 W/Kg@1.5 T, 50Hz, As per drawing No: 5014-04-00-03",CC-555-,KGS,175.0,metal benchmark (indicative),,,280,175.0
CC-555-00326,"Yoke Core Lamination Strips, Size: 450(L) X 90(W), Grade: CRGO,M3, 0.23 thk MM, Max Core Loss 0.68 W/Kg@1.5 T, 50Hz, As per drawing No: 5014-03-00-03",CC-555-,KGS,175.0,metal benchmark (indicative),,,280,175.0
CC-555-00364,"Core E & I Lamination 1 - Ph Type 16, CRGO Grade: M4-0.27, Core Loss <1.1W/Kg@1.7 T, 50Hz, As per drawing No: 2021-08-00-02",CC-555-,KGS,175.0,metal benchmark (indicative),,,270,175.0
CC-555-00149,"Limb Core Lamination Strips, Size: 44(L) X 45(W), Grade: CRGO,M4, 0.27 thk MM, Max Core Loss 1.25 W/Kg@1.7 T, 50Hz",CC-555-,KGS,224.45,recent PO (age-weighted),257.0,24/04/2025,257,175.0
CC-555-00148,"Yoke Core Lamination Strips, Size: 285(L) X 45(W), Grade: CRGO,M4, 0.27 thk MM, Max Core Loss 1.25 W/Kg@1.7 T, 50Hz",CC-555-,KGS,224.45,recent PO (age-weighted),257.0,24/04/2025,257,175.0
CC-555-00222," Core Lamination 2 Strips, Size: 245(L) x 45(W) ,Grade: M4, CRGO -0.27mm Thick, Core Loss: Max 0.89w/Kg @ 1.5T, 50Hz",CC-555-,KGS,175.0,metal benchmark (indicative),,,250,175.0
CC-555-00224," Core Lamination 2 Strips, Size: 245(L) x 50(W) ,Grade: M4, CRGO -0.27mm Thick, Core Loss: Max 0.89w/Kg @ 1.5T, 50Hz",CC-555-,KGS,175.0,metal benchmark (indicative),,,250,175.0
CC-555-00191,"Core Lamination 1 Strips, Size: 425(L) x 55(W), Grade: CRGO M4 0.27mm Thick, Core Loss: Max 0.89w/Kg @ 1.5T, 50Hz",CC-555-,KGS,175.0,metal benchmark (indicative),,,250,175.0
CC-555-00223,"Core Lamination 1 Strips, Size: 450(L) x 50(W),  Grade: CRGO M4 0.27mm Thick, Core Loss: Max 0.89w/Kg @ 1.5T, 50Hz, As per drawing",CC-555-,KGS,175.0,metal benchmark (indicative),,,250,175.0
CC-555-00226,"Core Lamination 1 Strips, Size: 450(L) x 60(W),  Grade: CRGO M4 0.27mm Thick, Core Loss: Max 0.89w/Kg @ 1.5T, 50Hz, As per drawing",CC-555-,KGS,175.0,metal benchmark (indicative),,,250,175.0
CC-555-00193,"Core Lamination 1 Strips, Size: 470(L) x 60(W), Grade: CRGO M4 0.27mm Thick, Core Loss: Max 0.89w/Kg @ 1.5T, 50Hz",CC-555-,KGS,175.0,metal benchmark (indicative),,,250,175.0
CC-555-00228,"Core Lamination 1 Strips, Size: 510(L) x 80(W),  Grade: CRGO M4 0.27mm Thick, Core Loss: Max 0.9w/Kg @ 1.5T, 50Hz, As per drawing  2020-29-00-02",CC-555-,KGS,175.0,metal benchmark (indicative),,,250,175.0
CC-555-00230,"Core Lamination 1 Strips, Size: 550(L) x 80(W),  Grade: CRGO M4 0.27mm Thick, Core Loss: Max 0.89w/Kg @ 1.5T, 50Hz, As per drawing",CC-555-,KGS,175.0,metal benchmark (indicative),,,250,175.0
CC-555-00225,"Core Lamination 2 Strips, Size: 335(L) x 55(W), Grade: CRGO M4 0.27mm Thick, Core Loss: Max 0.89w/Kg @ 1.5T, 50Hz",CC-555-,KGS,175.0,metal benchmark (indicative),,,250,175.0
CC-555-00229,"Core Lamination 2 Strips, Size: 385(L) x 80(W),  Grade: CRGO M4 0.27mm Thick, Core Loss: Max 0.9w/Kg @ 1.5T, 50Hz, As per drawing",CC-555-,KGS,175.0,metal benchmark (indicative),,,250,175.0
CC-555-00227,"Core Lamination 2 Strips, Size: 415(L) x 60(W),  Grade: CRGO M4 0.27mm Thick, Core Loss: Max 0.89w/Kg @ 1.5T, 50Hz, As per drawing",CC-555-,KGS,175.0,metal benchmark (indicative),,,250,175.0
CC-555-00192,"Core Lamination 2 Strips, Size: 425(L) x 60(W), Grade: CRGO M4 0.27mm Thick, Core Loss: Max 0.89w/Kg @ 1.5T, 50Hz",CC-555-,KGS,175.0,metal benchmark (indicative),,,250,175.0
CC-555-00231,"Core Lamination 2 Strips, Size: 505(L) x 80(W),  Grade: CRGO M4 0.27mm Thick, Core Loss: Max 0.89w/Kg @ 1.5T, 50Hz, As per drawing",CC-555-,KGS,175.0,metal benchmark (indicative),,,250,175.0
CC-555-00180," Core Lamination 1 Strips, Size: 395(L) x 45(W) ,Grade: M4, CRGO -0.27mm Thick, Core Loss: Max 0.89w/Kg @ 1.5T, 50Hz",CC-555-,KGS,175.0,metal benchmark (indicative),,,248,175.0
CC-555-00220," Core Lamination 2 Strips, Size: 285(L) x 45(W) ,Grade: M4, CRGO -0.27mm Thick, Core Loss: Max 0.89w/Kg @ 1.5T, 50Hz",CC-555-,KGS,175.0,metal benchmark (indicative),,,248,175.0
CC-555-00084,"CRGO Lamination-1 Strips, Size: 125(L) X 70(W), Hole: Ø14MM, Grade: M4-0.27MM, CRGO-Max Core Loss 0.83 W/Kg@1.5 T, 50Hz.",CC-555-,KGS,176.0,recent PO (age-weighted),176.0,26/05/2025,234,175.0
CC-555-00086,"CRGO Lamination-3 Strips, Size: 180(L) X 70(W), Hole: Ø14MM, Grade: M4-0.27MM, CRGO-Max Core Loss 0.83 W/Kg@1.5 T, 50Hz.",CC-555-,KGS,176.0,recent PO (age-weighted),176.0,26/05/2025,233,175.0
CC-555-00085,"CRGO Lamination-2 Strips, Size: 290(L) X 70(W), Hole: Ø14MM, Grade: M4-0.27MM, CRGO-Max Core Loss 0.83 W/Kg@1.5 T, 50Hz.",CC-555-,KGS,176.0,recent PO (age-weighted),176.0,26/05/2025,232,175.0
CC-555-00262,"Limb Core Lamination Strips, Size: 300(L) x 55(W),  Grade: CRGO M4 0.27mm Thick, Core Losses : <1.27 W/Kg @ 1.7T, 50Hz, As per drawing 2020-37-B02-01",CC-555-,KGS,230.0,recent PO (age-weighted),230.0,2025-08-04,229,175.0
CC-555-00258,"Limb Core Lamination Strips, Size: 330(L) x 70(W),  Grade: CRGO M4 0.27mm Thick, Core Losses : <1.27 W/Kg @ 1.7T, 50Hz, As per drawing 2020-35-B02-01",CC-555-,KGS,230.0,recent PO (age-weighted),230.0,2025-08-05,229,175.0
CC-555-00261,"Yoke Core Lamination Strips, Size: 395(L) x 55(W),  Grade: CRGO M4 0.27mm Thick, Core Losses : <1.27 W/Kg @ 1.7T, 50Hz, As per drawing 2020-37-B01-01",CC-555-,KGS,230.0,recent PO (age-weighted),230.0,2025-08-04,229,175.0
CC-555-00257,"Yoke Core Lamination Strips, Size: 470(L) x 70(W),  Grade: CRGO M4 0.27mm Thick, Core Losses : <1.27 W/Kg @ 1.7T, 50Hz, As per drawing 2020-35-B01-01",CC-555-,KGS,230.0,recent PO (age-weighted),230.0,2025-08-05,229,175.0
CMP-444-00071,"FG Sheet, Grade: GPO3, 2 MM (Thickness)",CMP-444-,KGS,175.0,metal benchmark (indicative),,,220,175.0
CC-555-00199,"Core Laminations Size: 90(L) x 40(W) mm CRGO Grade M4 (0.27 MM), Core Loss Max 0.83W/Kg @ 1.5 T",CC-555-,KGS,182.0,recent PO (age-weighted),182.0,2025-12-27,216,175.0
CC-555-00200,"Core Laminations Size: 210(L) x 40(W) mm CRGO Grade M4 (0.27 MM), Core Loss Max 0.83W/Kg @ 1.5 T",CC-555-,KGS,182.0,recent PO (age-weighted),182.0,2025-12-27,215,175.0
CC-555-00197,"Core Laminations Size: 180(L) x 40(W) mm CRGO Grade M4 (0.27 MM), Core Loss Max 0.83W/Kg @ 1.5 T",CC-555-,KGS,182.0,recent PO (age-weighted),182.0,2025-12-27,213,175.0
CC-555-00198,"Core Laminations Size: 210(L) x 80(W) mm CRGO Grade M4 (0.27 MM), Core Loss Max 0.83W/Kg @ 1.5 T",CC-555-,KGS,182.0,recent PO (age-weighted),182.0,2025-12-27,212,175.0
CC-555-00004,"CRGO Lamination (250 KVA), CRGO Grade M3 (0.23), {0.85 Grade ZDKH Laser Material} With Assambly",CC-555-,KGS,175.0,metal benchmark (indicative),,,210,175.0
CC-555-00005,"Core Laminations (400 KVA), CRGO Grade M4 (0.27), Cut to Length Laminations, as per Drawing ""DEPL-400-CORE",CC-555-,KGS,175.0,metal benchmark (indicative),,,160,175.0
CC-555-00003,"Core Laminations (60 KVA), CRGO Grade M3 (0.23), Cut to Length Laminations, as per IS:3024",CC-555-,KGS,175.0,metal benchmark (indicative),,,155,175.0
CC-555-00001,"Core Laminations (9 KVA), CRGO Grade M4 (0.27), Cut to Length Laminations, as per IS:3024",CC-555-,KGS,175.0,metal benchmark (indicative),,,149.5,175.0
CC-555-00002,"Core Laminations (35 KVA), CRGO Grade M5 (0.30), Cut to Length Laminations, as per IS:3024",CC-555-,KGS,175.0,metal benchmark (indicative),,,142,175.0
CC-555-00151,"Core Lamination 2 Strips, Size: 220(L) X 70(W), Grade: CRNGO,25C1500, 0.25MM, Max Core Loss 1.5 W/Kg@1.5 T, 50Hz",CC-555-,KGS,133.69,recent PO (age-weighted),127.0,2026-03-06,121,175.0
CC-555-00371,"Core E&I Lamination Strips : 1-Phase, Type-6, CRNO Grade: M360, 0.5 (T) MM, Max Core Loss 3.6 W/Kg@1.5 T, 50Hz, As Per Drawing No 2021-09-00-02",CC-555-,KGS,175.0,metal benchmark (indicative),,,120,175.0
CC-555-00150,"Core Lamination 1 Strips, Size: 150(L) X 70(W), Grade: CRNGO,25C1500, 0.25MM, Max Core Loss 1.5 W/Kg@1.5 T, 50Hz",CC-555-,KGS,133.69,recent PO (age-weighted),127.0,2026-03-06,120,175.0
CC-555-00372,"Core Lamination Strips - 1, Size : 130(L) 40(W) , CRNO Grade: M360, 0.5 (T) MM, Max Core Loss 3.6 W/Kg@1.5 T, 50Hz, As Per Drawing No : 4023-06-B01-01",CC-555-,KGS,175.0,metal benchmark (indicative),,,120,175.0
CC-555-00373,"Core Lamination Strips - 2, Size : 175(L) 40(W) , CRNO Grade: M360, 0.5 (T) MM, Max Core Loss 3.6 W/Kg@1.5 T, 50Hz, As Per Drawing No : 4023-06-B02-01",CC-555-,KGS,175.0,metal benchmark (indicative),,,120,175.0
CC-555-00374,"Core Lamination Strips - 3, Size : 220(L) 40(W) , CRNO Grade: M360, 0.5 (T) MM, Max Core Loss 3.6 W/Kg@1.5 T, 50Hz, As Per Drawing No : 4023-06-B03-01",CC-555-,KGS,175.0,metal benchmark (indicative),,,120,175.0
CC-555-00251,"Core E Lamination Type-43, 1Ph CRNGO Grade: 50H230/H6, Losses <2.3W/Kg @1.5 T, 50Hz, As per drawing No: 5011-07-B01-01 & 5011-06-B01-01",CC-555-,KGS,175.0,metal benchmark (indicative),,,119,175.0
WB-606-00003,Cu Brazing Rod Ø1.6mm with 2% Silver Content,WB-606-,KGS,1494.22,costing formula (live metal),3200.0,29/04/2025,3200,1386.49
INS-666-00219,"NPN, 5mil  Class F, 0.13 (T) X 155 (W) mm",INS-666-,KGS,1494.22,costing formula (live metal),,,1950,1386.49
INS-666-00220,"NPN, 5mil  Class F, 0.13 (T) X 185 (W) mm",INS-666-,KGS,1494.22,costing formula (live metal),,,1950,1386.49
INS-666-00166,"NPN, 5mil  Class F, 0.13 (T) X 355 (W) mm",INS-666-,KGS,1471.91,recent PO (age-weighted),1600.0,31/03/2025,1875,1386.49
INS-666-00104,"NPN, 5 Mil  Class F, 0.13 (T) X 44 (W) mm",INS-666-,KGS,1557.36,recent PO (age-weighted),1650.0,2026-07-09,1711,1386.49
INS-666-00171,"NPN, 5mil  Class F, 0.13 (T) X 95 (W) mm",INS-666-,KGS,1494.22,costing formula (live metal),,,1702,1386.49
CU-222-00151,"Copper Litz Wire, 10.00 Sqmm, 36SWG DCH Insulated Wire, Class H, Non Solderable",CU-222-,KGS,1611.49,costing formula (live metal),,,1650,1386.49
CU-222-00147,"Copper Litz Wire, 2.50 Sqmm, 36SWG DCH Insulated Wire, Class H, Non Solderable",CU-222-,KGS,1611.49,costing formula (live metal),,,1650,1386.49
CU-222-00148,"Copper Litz Wire, 4.00 Sqmm, 36SWG DCH Insulated Wire, Class H, Non Solderable",CU-222-,KGS,1611.49,costing formula (live metal),,,1650,1386.49
CU-222-00150,"Copper Litz Wire, 8.00 Sqmm, 36SWG DCH Insulated Wire, Class H, Non Solderable",CU-222-,KGS,1611.49,costing formula (live metal),,,1650,1386.49
INS-666-00167,"NPN, 5mil  Class F, 0.13 (T) X 215 (W) mm",INS-666-,KGS,1449.18,recent PO (age-weighted),1600.0,31/03/2025,1617,1386.49
WB-606-00020,Cu Brazing Rod Ø1.5mm with 0% Silver Content,WB-606-,KGS,1494.22,costing formula (live metal),,,1290,1386.49
CU-222-00384,"Copper Strip, As per IS 13730 | IEC 60317 | Part - 8 Class-H Size:  5 x 3 Enamelled 0.11 MM (Finished OD=5.11 x 3.11)",CU-222-,KGS,1575.49,costing formula (live metal),,,1045,1386.49
CU-111-00008,"Copper Foil, Size: 72 MM (Width) X 1.0 MM Thickness, Grade: ETP",CU-111-,KGS,1575.49,costing formula (live metal),,,1025,1386.49
CU-222-00261,"Copper Wire, As per IS 13730 | IEC60317 |Part-8 , Class-180, Size: Dia 2.2 Enamelled 0.12 (Finished OD=2.32mm)",CU-222-,KGS,1611.49,costing formula (live metal),1025.0,2025-08-04,1025,1386.49
CU-222-00039,"Dual Coated Polyimide-amide Super Enameled Copper Wire, As per IS:13730-Part-13, 1993, Class-200 (H), Size: Ø3.20 MM, SE-PIA 0.10 MM",CU-222-,KGS,1611.49,costing formula (live metal),1011.0,31/07/2025,992,1386.49
CU-222-00388,"Copper Strip, As per IS 13730 | IEC 60317 | Part - 28 Class-180, Size: 15.7 x 2.5 Enamelled 0.12 mm (Finished OD = 15.82 x 2.62) mm",CU-222-,KGS,1575.49,costing formula (live metal),1025.0,2025-09-03,990,1386.49
CU-222-00325,"Copper Strip, As per IS 13730 | IEC 60317 | Part - 28 Class-180, Size: 10.5 x 3.25 Enamelled 0.12 MM (Finished OD= 10.62 x 3.37)",CU-222-,KGS,1575.49,costing formula (live metal),,,980,1386.49
CU-222-00326,"Copper Strip, As per IS 13730 | IEC 60317 | Part - 28 Class-180, Size: 11.5 x 3 Enamelled 0.12 MM (Finished OD= 11.62 x 3.12)",CU-222-,KGS,1575.49,costing formula (live metal),,,980,1386.49
CU-222-00324,"Copper Strip, As per IS 13730 | IEC 60317 | Part - 28 Class-180, Size: 14.5 x 3.55 Enamelled 0.12 MM (Finished OD= 14.62 x 3.67)",CU-222-,KGS,1575.49,costing formula (live metal),,,980,1386.49
CU-222-00322,"Copper Strip, As per IS 13730 | IEC 60317 | Part - 28 Class-180, Size: 9.6 x 3.2 Enamelled 0.12 MM (Finished OD= 9.72 x 3.32)",CU-222-,KGS,1575.49,costing formula (live metal),,,980,1386.49
CU-222-00305,"Copper Strip, As per IS 13730 | IEC 60317 | Part - 28 Class-180, Size: 9.8 x 3 Enamelled 0.12 MM (Finished OD= 9.92 x 3.12)",CU-222-,KGS,1575.49,costing formula (live metal),,,980,1386.49
CU-222-00164,"Dual Coated  Super Enameled Copper Wire, As per IS:13730-Part29- Class-200 (H), Size: Ø2.18 MM, SE-PIA 0.11 MM , Finished OD:2.29 MM, 13.5 SWG , UL Approved , Grade:MW35",CU-222-,KGS,1611.49,costing formula (live metal),1355.0,2026-03-06,978,1386.49
CU-111-00009,"Copper Foil, Size: 350 MM (Width) X 1.0 MM Thickness, Grade: ETP",CU-111-,KGS,1575.49,costing formula (live metal),,,975,1386.49
CU-111-00030,"Copper Foil, Size: 280mm (Width) X 0.35mm (Thickness), Grade: ETP",CU-111-,KGS,1575.49,costing formula (live metal),,,970,1386.49
CU-222-00301,"Copper Wire, As per IS 13730 | IEC60317 |Part-8 , Class-180, Size: Dia 1.422 Enamelled 0.12 (Finished OD=1.542mm)",CU-222-,KGS,1611.49,costing formula (live metal),,,963,1386.49
CU-222-00122,"Copper Wire Ø1.5 MM, Polyester-amide-imide (Polyamide-imide) 0.1MM, Finished OD= 1.6,ANSI Type: MW 35, 200°C",CU-222-,KGS,1611.49,costing formula (live metal),1302.0,2026-04-06,962,1386.49
CU-222-00124,"Dual Coated Polyimide-amide Super Enameled Copper Strip, As per IS:13730-Part-29, Class-200 (H) , Size: 12 X 4 MM, SE-PIA 0.10 MM",CU-222-,KGS,1575.49,costing formula (live metal),,,960,1386.49
CU-222-00125,"Dual Coated Polyimide-amide Super Enameled Copper Strip, As per IS:13730-Part-29, Class-200 (H) , Size: 9.5 X 4 MM, SE-PIA 0.10 MM",CU-222-,KGS,1575.49,costing formula (live metal),,,960,1386.49
CU-222-00065,"CU Round Conductor, Copper Wire Ø1.80 MM, (SE) Super Enameled 0.11MM",CU-222-,KGS,1494.22,costing formula (live metal),,,955,1386.49
CU-222-00126,"Dual Coated Polyimide-amide Super Enameled Copper Wire, As per IS:13730-Part29- Class-200 (H), Size: Ø2.7 MM, SE-PIA 0.1 MM ,Finished OD:2.8mm",CU-222-,KGS,1611.49,costing formula (live metal),,,951,1386.49
CU-222-00329,"Copper Busbar, ISO-ETP/BS-C101, Size: 80 (W) X 6 (T) mm",CU-222-,KGS,1469.22,costing formula (live metal),1585.0,2026-08-12,950,1386.49
CU-222-00131,"Copper Wire Ø0.4 MM, Super Enameled 0.1mm(Finished OD=0.5MM)",CU-222-,KGS,1611.49,costing formula (live metal),,,950,1386.49
CU-222-00117,"Copper Flat Busbar, ISO -ETP / BS -C101, Size: 30 (W) X 3 (T) MM",CU-222-,KGS,1469.22,costing formula (live metal),945.0,26/06/2025,940,1386.49
CU-222-00116,"Copper Flat Busbar, ISO -ETP / BS -C101, Size: 30 (W) X 6 (T) MM ",CU-222-,KGS,1469.22,costing formula (live metal),,,940,1386.49
CU-222-00118,"Copper Flat Busbar, ISO -ETP / BS -C101, Size: 50 (W) X 10 (T) MM ",CU-222-,KGS,1469.22,costing formula (live metal),,,940,1386.49
CU-222-00198,"Dual Coated Polyimide-amide Super Enameled Copper Wire, As per IS:13730-Part29- Class-200 (H), Size: Ø2 MM, SE-PIA 0.1 MM,Fineshed OD:2.1mm",CU-222-,KGS,1611.49,costing formula (live metal),1335.0,2026-03-13,938,1386.49
CU-222-00351,"Copper Busbar, ISO-ETP/BS-C101, Size: 20 (W) X 3 (T) mm",CU-222-,KGS,1469.22,costing formula (live metal),945.0,26/06/2025,932,1386.49
CU-222-00158,"Copper Strip With Fiberglass Covering, As per IS: 13730-Part-32, Size: 11.4 X 2  FG 0.3 MM (Finished OD=11.7 x 2.3 mm)",CU-222-,KGS,1575.49,costing formula (live metal),,,926,1386.49
CU-222-00159,"Copper Strip With Fiberglass Covering, As per IS: 13730-Part-32, Size: 7.7 X 2.24 FG 0.3 MM (Finished OD=8 x 2.54 mm)",CU-222-,KGS,1575.49,costing formula (live metal),,,926,1386.49
CU-222-00157,"Copper Strip With Fiberglass Covering, As per IS: 13730-Part-32, Size: 9.5 X 2.12 FG 0.3 MM (Finished OD=9.8 x 2.42 mm)",CU-222-,KGS,1575.49,costing formula (live metal),,,926,1386.49
CU-111-00005,"Copper Foil, Size: 130 MM (Width) X 0.5 MM Thickness, Grade: ETP",CU-111-,KGS,1575.49,costing formula (live metal),,,925,1386.49
CU-111-00006,"Copper Foil, Size: 90 MM (Width) X 0.5 MM Thickness, Grade: ETP",CU-111-,KGS,1575.49,costing formula (live metal),,,925,1386.49
CU-222-00064,"CU Round Conductor, Copper Wire Ø2.50 MM, (SE) Super Enameled 0.11MM",CU-222-,KGS,1494.22,costing formula (live metal),,,921,1386.49
CU-222-00136,"Copper Strip With Fiberglass Covering, As per IS: 13730-Part-31, Size: 16X2 FG 0.3 MM (Finished OD=16.3 x 2.3 mm)",CU-222-,KGS,1575.49,costing formula (live metal),,,921,1386.49
CU-111-00010,"Copper Foil, Size: 180 MM (Width) X 1.0 MM Thickness, Grade: ETP",CU-111-,KGS,1575.49,costing formula (live metal),,,920,1386.49
CU-111-00039,"Copper Foil, Size: 300 MM (Width) X 1.0 MM Thickness, Grade: ETP",CU-111-,KGS,1575.49,costing formula (live metal),,,920,1386.49
CU-222-00141,"Copper Strip With Fiberglass Covering, As per IS: 13730-Part-31, Size: 8.2X3 FG 0.3 MM (Finished OD=8.5 x 3.3 mm)",CU-222-,KGS,1575.49,costing formula (live metal),1495.0,2026-07-29,918,1386.49
CU-222-00092,"Copper Flat Busbar, ISO -ETP / BS -C101, Size: 50 (W) X 5 (T) MM",CU-222-,KGS,1469.22,costing formula (live metal),,,915,1386.49
CU-222-00154,"Copper Flat Busbar, ISO -ETP / BS -C101, Size: 15 (W) X 3 (T) MM",CU-222-,KGS,1469.22,costing formula (live metal),,,910,1386.49
CU-222-00181,"Copper Strip, As per IS 13730 | IEC 60317 | Part - 28 Class-180, Size:8 x 2 Enamelled 0.11 MM (Finished OD=8.11 x 2.11)",CU-222-,KGS,1575.49,costing formula (live metal),,,910,1386.49
CU-111-00040,"Copper Foil, Size: 350 MM (Width) X 0.45 MM Thickness, Grade: ETP",CU-111-,KGS,1575.49,costing formula (live metal),,,902,1386.49
CU-222-00199,"Copper Wire, As per IS 13730 | IEC60317 |Part-8 , Class-180, Size: Dia 1.2 Enamelled 0.10 (Finished OD=1.3mm)",CU-222-,KGS,1611.49,costing formula (live metal),1335.0,2026-04-08,901,1386.49
CU-222-00186,"CU Round Conductor, Copper Wire Ø2.6 MM, (SE) Super Enameled 0.1MM, Finished OD:2.7mm",CU-222-,KGS,1494.22,costing formula (live metal),,,897,1386.49
CU-222-00071,"CU Rectangular Conductor, Copper Strip 6.0 X 2.4 MM, Super Enameled 0.11MM",CU-222-,KGS,1452.33,recent PO (age-weighted),1530.0,2026-08-12,890,1386.49
CU-222-00166,"Super Enameled Copper Wire, As per IS:13730-Part29- Class-200 (H), Size: Ø0.914 MM, SE-PIA 0.09 MM , Finished OD:1.004 MM, 20 SWG",CU-222-,KGS,1611.49,costing formula (live metal),1336.0,2026-03-13,885,1386.49
CU-222-00163,"Dual Coated  Super Enameled Copper Wire, As per IS:13730-Part29- Class-200 (H), Size: Ø1.524 MM, SE-PIA 0.11 MM , Finished OD:1.634 mm, 16.5 SWG , UL Approved , Grade:MW35",CU-222-,KGS,1611.49,costing formula (live metal),1203.15,2026-05-07,883,1386.49
CU-222-00211,"Copper Strip, As per IS 13730 | IEC 60317 | Part - 28 Class-180, Size : 8 x 2.5 Enamelled 0.11 MM (Finished OD=8.11 x 2.61)",CU-222-,KGS,1575.49,costing formula (live metal),,,875,1386.49
CU-222-00182,"Copper Wire, As per IS 13730 | IEC60317 |Part-8 , Class-180, Size: Dia 1.6 Enamelled 0.11 (Finished OD=1.71mm)",CU-222-,KGS,1611.49,costing formula (live metal),1335.0,2026-03-13,855,1386.49
CU-222-00217,"CU Round Conductor, Copper Wire Ø2.946 MM, Super Enameled 0.11mm",CU-222-,KGS,1494.22,costing formula (live metal),1226.61,2026-01-05,850,1386.49
CU-111-00031,"Copper Foil, Size: 140mm (Width) X 0.35mm (Thickness), Grade: ETP",CU-111-,KGS,1575.49,costing formula (live metal),989.0,2025-10-31,850,1386.49
CU-111-00032,"Copper Foil, Size: 140mm (Width) X 0.6mm (Thickness), Grade: ETP",CU-111-,KGS,1575.49,costing formula (live metal),989.0,2025-10-31,850,1386.49
CU-111-00029,"Copper Foil, Size: 280mm (Width) X 0.6mm (Thickness), Grade: ETP",CU-111-,KGS,1575.49,costing formula (live metal),,,850,1386.49
CU-222-00197,"Copper Wire, As per IS 13730 | IEC60317 |Part-8 , Class-180, Size: Dia 0.26 Enamelled 0.05 (Finished OD=0.31mm)",CU-222-,KGS,1611.49,costing formula (live metal),,,850,1386.49
CU-222-00132,"Copper Wire Ø1.3MM, Super Enameled 0.1mm (Finished OD=1.4MM)",CU-222-,KGS,1611.49,costing formula (live metal),1450.0,2026-03-05,841,1386.49
CU-222-00086,"Copper Busbar, ISO-ETP/BS-C101, 100 (W) X 10 (Thick) mm",CU-222-,KGS,1469.22,costing formula (live metal),,,840,1386.49
CU-222-00063,"CU Rectangular Conductor, Copper Strip 10.0 X 3.25 MM, (SE) Super Enameled 0.11MM",CU-222-,KGS,1494.22,costing formula (live metal),,,838,1386.49
CU-222-00178,"Copper Strip With Fiberglass Covering, As per IS: 13730-Part-32, Size: 6.7 X 2.12 FG 0.3 MM (Finished OD=7.0 x 2.42 mm)",CU-222-,KGS,1575.49,costing formula (live metal),,,835,1386.49
CU-222-00175,"Copper Strip With Fiberglass Covering, As per IS: 13730-Part-32, Size: 8 X 2.5 FG 0.3 MM (Finished OD=8.3 x 2.8 mm)",CU-222-,KGS,1575.49,costing formula (live metal),,,835,1386.49
CU-222-00040,"Dual Coated Polyimide-amide Super Enameled Copper Strip, As per IS:13730-Part-29, Class-200 (H) , Size: 6.00 X 2.40 MM, SE-PIA 0.10 MM",CU-222-,KGS,1575.49,costing formula (live metal),,,835,1386.49
CU-111-00002,"Copper Foil, Size: 290 MM (Width) X 1.0 MM Thickness, Grade: ETP",CU-111-,KGS,1575.49,costing formula (live metal),1394.07,2025-12-31,834,1386.49
CU-222-00293,Copper Bus Bar 40mm x 6mm,CU-222-,KGS,1469.22,costing formula (live metal),963.0,2025-09-18,830,1386.49
CU-222-00244,"Copper Strip, As per IS 13730 | IEC 60317 | Part - 28 Class-180, Size: 11.5 x 2.70 Enamelled 0.11 MM (Finished OD= 11.61 x 2.81)",CU-222-,KGS,1575.49,costing formula (live metal),,,830,1386.49
CU-222-00195,"Copper Wire, As per IS 13730 | IEC60317 |Part-8 , Class-180, Size: Dia 0.48 Enamelled 0.05 (Finished OD=0.53mm)",CU-222-,KGS,1611.49,costing formula (live metal),,,830,1386.49
CU-222-00260,"Copper Wire, As per IS 13730 | IEC60317 |Part-8 , Class-180, Size: Dia 2.65 Enamelled 0.12 (Finished OD=2.77mm)",CU-222-,KGS,1611.49,costing formula (live metal),,,830,1386.49
CU-222-00259,"Copper Wire, As per IS 13730 | IEC60317 |Part-8 , Class-180, Size: Dia 2.90 Enamelled 0.12 (Finished OD=3.02mm)",CU-222-,KGS,1611.49,costing formula (live metal),995.0,2025-09-04,830,1386.49
CU-222-00291,Copper Bus Bar 30mm x 3mm,CU-222-,KGS,1469.22,costing formula (live metal),,,823,1386.49
CU-222-00196,"Copper Wire, As per IS 13730 | IEC60317 |Part-8 , Class-180, Size: Dia 0.66 Enamelled 0.05 (Finished OD=0.71mm)",CU-222-,KGS,1611.49,costing formula (live metal),1459.21,2026-02-02,820,1386.49
CU-222-00290,Copper Bus Bar 25mm x 5mm,CU-222-,KGS,1469.22,costing formula (live metal),,,815,1386.49
CU-222-00210,"Super Enameled Copper Strip, as per IS:13730-Part29- Class-200 (H), Size: 10×2.8 MM, SE-PIA 0.11mm Enameled",CU-222-,KGS,1575.49,costing formula (live metal),,,810,1386.49
CU-222-00172,"Copper Strip, As per IS 13730 | IEC 60317 | Part - 28 Class-H Size:  10 x 4 Enamelled 0.1 MM (Finished OD=10.1 x 4.1)",CU-222-,KGS,1575.49,costing formula (live metal),,,800,1386.49
CU-222-00165,"Super Enameled Copper Wire, As per IS:13730-Part29- Class-200 (H), Size: Ø0.295 MM, SE-PIA 0.06 MM , Finished OD:0.355 MM, 31 SWG ",CU-222-,KGS,1611.49,costing formula (live metal),,,770,1386.49
CU-222-00167,"Super Enameled Copper Wire, As per IS:13730-Part29- Class-200 (H), Size: Ø0.345 MM, SE-PIA 0.06 MM , Finished OD:0.405 MM, 29 SWG",CU-222-,KGS,1611.49,costing formula (live metal),,,770,1386.49
CU-222-00173,"Dual Coated Polyimide-amide Super Enameled Copper Strip, As per IS:13730-Part-29, Class-200 (H) , Size: 6 X 1.40 MM, SE-PIA 0.10 MM",CU-222-,KGS,1575.49,costing formula (live metal),,,755,1386.49
CU-222-00012,"Copper Strip With Fiberglass Covering, As per IS: 13730-Part-29, Class-200 (H), Size: 10.7X 3.2 FG 0.3 MM",CU-222-,KGS,1575.49,costing formula (live metal),,,725,1386.49
CU-222-00013,"Copper Wire With Fibreglass Covering, As per IS:13730-Part-13, 1993, Class-200 (H), Size: 3.0 FG 0.2 MM",CU-222-,KGS,1611.49,costing formula (live metal),,,725,1386.49
CU-222-00015,"Dual Coated Polyimide-amide Super Enameled Copper Strip, As per IS:13730-Part-29, Class-200 (H) , Size: 9.00 X 2.00 MM, SE-PIA 0.10 MM",CU-222-,KGS,1575.49,costing formula (live metal),,,710,1386.49
CU-222-00014,"Dual Coated Polyimide-amide Super Enameled Copper Wire, As per IS:13730-Part-13, 1993, Class-200 (H), Size: Ø3.50 MM, SE-PIA 0.10 MM",CU-222-,KGS,1611.49,costing formula (live metal),,,710,1386.49
CU-111-00001,"Copper Foil, Thickness 0.1mm, 16"" Roll Width",CU-111-,KGS,1575.49,costing formula (live metal),1405.0,2026-04-16,640,1386.49
CU-222-00007,"Copper Strip With Fiberglass Covering, As per IS: 13730-Part-29, Size: 8X3 FG 0.3 MM",CU-222-,KGS,1575.49,costing formula (live metal),1000.0,2025-12-16,595,1386.49
CU-222-00006,"Copper Strip with Fiberglass Covering, As per IS:13730-Part-29, Size: 7.50 X 1.70 FG 0.30 MM",CU-222-,KGS,1575.49,costing formula (live metal),,,595,1386.49
CU-222-00002,"Dual Coated Polyimide-amide Super Enameled Copper Strip, As per IS:13730-Part-29, Class-200 (H) , Size: 10.50 X 4.40 MM, SE-PIA 0.10 MM",CU-222-,KGS,1575.49,costing formula (live metal),,,591.12,1386.49
CU-222-00001,"Dual Coated Polyimide-amide Super Enameled Copper Strip, As per IS:13730-Part-29, Class-200 (H) , Size: 12.50 X 4.50 MM, SE-PIA 0.10 MM",CU-222-,KGS,1575.49,costing formula (live metal),,,591.12,1386.49
CU-222-00003,"Dual Coated Polyimide-amide Super Enameled Copper Strip, As per IS:13730-Part-29, Class-200 (H) , Size: 6.40 X 1.50 MM, SE-PIA 0.10 MM",CU-222-,KGS,1575.49,costing formula (live metal),,,588.12,1386.49
CU-222-00004,"Dual Coated Polyimide-amide Super Enameled Copper Wire, As per IS:13730-Part-13, 1993, Class-200 (H), Size: Ø2.35 MM, SE-PIA 0.10 MM",CU-222-,KGS,1611.49,costing formula (live metal),,,583.12,1386.49
CU-222-00005,"Dual Coated Polyimide-amide Super Enameled Copper Wire, As per IS:13730-Part-13, 1993, Class-200 (H), Size: Ø3.00 MM, SE-PIA 0.10 MM",CU-222-,KGS,1611.49,costing formula (live metal),,,583.12,1386.49
CMP-444-00233,"FG Dog Bone Sticks, Class H, Size: 10(H) X 12(W) X 215 (L) MM, Colour : White",CMP-444-,KGS,1494.22,costing formula (live metal),157.0,2026-01-10,157,1386.49
CMP-444-00450,"FG Corner Section, Class H, Size: 10(H) X 10(W) X 2500 (L) MM, Green Colour.",CMP-444-,KGS,1494.22,costing formula (live metal),172.0,2026-07-27,155,1386.49
CMP-444-00451,"FG Dog Bone, Class H, Size: 6(H) X 8(W) X 2500 (L) MM, White Colour.",CMP-444-,KGS,1494.22,costing formula (live metal),155.0,2026-01-06,153,1386.49
CMP-444-00390,"FG Dog Bone Sticks, Class H, Size: 12(H) X 19(W) X 2500 (L) MM, Green Colour.",CMP-444-,KGS,1494.22,costing formula (live metal),172.0,2026-06-22,150,1386.49
CMP-444-00452,"FG Dog Bone, Class H, Size: 6(H) X 8(W) X 2500 (L) MM, Green Colour.",CMP-444-,KGS,1494.22,costing formula (live metal),,,150,1386.49
WB-606-00002,"CO2 MIG Copper Welding Wire, Ø1.2mm",WB-606-,KGS,1611.49,costing formula (live metal),145.0,2026-08-04,90,1386.49
CU-111-00035,"Copper Foil, Size: 125mm (Width) X 0.35mm (Thickness), Grade: ETP",CU-111-,KGS,1575.49,costing formula (live metal),,,50,1386.49
CU-111-00036,"Copper Foil, Size: 125mm (Width) X 0.6mm (Thickness), Grade: ETP",CU-111-,KGS,1575.49,costing formula (live metal),,,50,1386.49
CMP-444-00288,"FG Corner Section, Class H, Size: 8(H) X 8(W) X 225 (L) MM, Colour : White",CMP-444-,KGS,1494.22,costing formula (live metal),157.0,28/04/2025,11,1386.49
CU-111-00033,"Copper Foil, Size: 170mm (Width) X 0.6mm (Thickness), Grade: ETP",CU-111-,KGS,1575.49,costing formula (live metal),,,5,1386.49
CU-111-00034,"Copper Foil, Size: 170mm (Width) X 0.35mm (Thickness), Grade: ETP",CU-111-,KGS,1575.49,costing formula (live metal),,,3,1386.49
CC-555-00082,"Limb Core Lamination Strips, Size: 75(L) X 70(W), Grade : 25C1500, CRNO - 0.25mm Thick Core Loss : Max 1.5W / Kg @ 1.5 T , 50 Hz",CC-555-,KGS,230.0,recent PO (age-weighted),230.0,2025-08-22,230,62.0
CC-555-00171,"Core E Lamination Strips 1PH TY 180 (RC2016-01), CRNO Grade: M250-35A, 0.35MM, Max Core Loss 2.5 W/Kg@1.5 T, 50Hz",CC-555-,KGS,133.01,recent PO (age-weighted),132.0,2026-07-22,135,62.0
CC-555-00172,"Core I Lamination Strips 1PH TY 180 (RC2016-01), CRNO Grade: M250-35A, 0.35MM, Max Core Loss 2.5 W/Kg@1.5 T, 50Hz",CC-555-,KGS,133.01,recent PO (age-weighted),132.0,2026-07-22,135,62.0
CC-555-00350,"Core Lamination 1, Size : 240(L) x 60(W) mm, CRNO Grade: M250-35A, 0.35MM, Max Core Loss 2.5 W/Kg@1.5 T, 50Hz, As Per Drawing No : 2023-03-B01-02",CC-555-,KGS,128.5,recent PO (age-weighted),128.5,2025-10-30,135,62.0
CC-555-00341,"Core Lamination 3, Size : 160(L) x 80(W) mm, CRNO Grade: M250-35A, 0.35MM, Max Core Loss 2.5 W/Kg@1.5 T, 50Hz, As Per Drawing No : 2023-05-B03-02",CC-555-,KGS,128.5,recent PO (age-weighted),128.5,2025-10-30,133,62.0
CC-555-00166,"Core Lamination-2, Grade: M250-35A, 0.35MM(T),CRNO, Strip Size: 100(L) X 50(W), 1PLX, Hole: Ø10MM Max Core Loss 2.5 W/Kg@1.5 T, 50Hz as per drawing no 2023-02-00-02.",CC-555-,KGS,126.05,recent PO (age-weighted),132.0,2026-06-15,131,62.0
CC-555-00164,"Core E&I Lamination Strips 1PH TY 180 (RC2023-01), CRNO Grade: M250-35A, 0.35MM, Max Core Loss 2.5 W/Kg@1.5 T, 50Hz as per drawing no 2023-01-00-02.",CC-555-,KGS,128.31,recent PO (age-weighted),132.0,2026-06-13,130,62.0
CC-555-00165,"Core Lamination-1, Grade: M250-35A, 0.35MM(T),CRNO, Strip Size: 180(L) X 50(W), 1PLX, Hole: Ø10MM Max Core Loss 2.5 W/Kg@1.5 T, 50Hz as per drawing no 2023-02-00-02.",CC-555-,KGS,126.05,recent PO (age-weighted),132.0,2026-06-15,130,62.0
CC-555-00344,"Yoke Core Lamination Strips, Size: 240(L) X 40(W), Grade: CRNO 0.35 thk MM, Max Core Loss <2.1 W/Kg@1.5 T, 50Hz, As per drawing No: 5019-01-00-02",CC-555-,KGS,130.0,recent PO (age-weighted),130.0,27/06/2025,130,62.0
CC-555-00081,"Yoke Core Lamination Strips, Size: 330(L) X 70(W), Hole: Ø14MM, Grade : 25C1500, CRNO - 0.25mm Thick Core Loss : Max 1.5W / Kg @ 1.5 T , 50 Hz",CC-555-,KGS,230.0,recent PO (age-weighted),230.0,2025-08-22,123,62.0
FST-999-00464,MS Nails,FST-999-,KGS,72.0,recent PO (age-weighted),72.0,2026-08-12,102,62.0
MFS-111-00002,M.S. Fabricated Transformer Tank Assembly,MFS-111-,KGS,62.0,metal benchmark (indicative),,,98,62.0
CC-555-00123,"CRNO Lamination Strips, Type 3 CRNO 0.5 mm",CC-555-,KGS,99.33,recent PO (age-weighted),101.0,2026-08-01,97,62.0
CF-555-00016,"400 KVA ISMC MS, HV Top Channel Assembly, 1473 X 150 X 6 MM",CF-555-,KGS,62.0,metal benchmark (indicative),,,85,62.0
CF-555-00018,"400 KVA ISMC MS, HVLV Bottom Channel Assembly, 1473 X 150 X 6 MM",CF-555-,KGS,62.0,metal benchmark (indicative),,,85,62.0
CF-555-00017,"400 KVA ISMC MS, LV Top Channel Assembly, 1473 X 150 X 6 MM",CF-555-,KGS,62.0,metal benchmark (indicative),,,85,62.0
CF-555-00011,"MS Core Foot Assembly for 60 KVA, Size: 200(L) X40(W) X5 (T) MM",CF-555-,KGS,62.0,metal benchmark (indicative),,,80,62.0
CF-555-00008,"MS Core Foot Assembly for 9 KVA, Size: 160(L) X50(W) X5 (T) MM",CF-555-,KGS,62.0,metal benchmark (indicative),,,80,62.0
CF-555-00014,"MS Core Foot Assembly, DEPL-35-C-03",CF-555-,KGS,62.0,metal benchmark (indicative),,,80,62.0
CF-555-00010,"MS ISMC  BOTTOM Channel for 60 KVA, Size: 800 (L)X 75(H) X 40(W) X 5(T) MM",CF-555-,KGS,62.0,metal benchmark (indicative),,,80,62.0
CF-555-00007,"MS ISMC BOTTOM Channel for 9 KVA, Size: 615 (L)X 75(H) X 40(W) X 5(T) MM",CF-555-,KGS,62.0,metal benchmark (indicative),,,80,62.0
CF-555-00013,"MS ISMC Bottom Core Fixture, DEPL-35-C-02",CF-555-,KGS,62.0,metal benchmark (indicative),,,80,62.0
CF-555-00009,"MS ISMC Top Channel for 60 KVA, Size: 800 (L)X 75(H) X 40(W) X 5(T) MM",CF-555-,KGS,62.0,metal benchmark (indicative),,,80,62.0
CF-555-00006,"MS ISMC Top Channel for 9 KVA, Size: 615 (L)X 75(H) X 40(W) X 5(T) MM",CF-555-,KGS,62.0,metal benchmark (indicative),,,80,62.0
CF-555-00012,"MS ISMC Top Core Fixture, DEPL-35-C-01",CF-555-,KGS,62.0,metal benchmark (indicative),,,80,62.0
CH-303-00031,Damisol 3042-300,CH-303-,KGS,489.55,recent PO (age-weighted),498.0,2026-08-10,445,270.0
CC-555-00365,"Core E & I Lamination 1 - Ph Type 15 CRNO Grade: M210-35A, 0.35MM, Max Core Loss <2.1 W/Kg@1.5 T, 50Hz, As Per Drawing No: 5013-02-00-02",CC-555-,KGS,270.0,metal benchmark (indicative),,,140,270.0
AL-222-00005,"AL Conductor, Aluminium Strip, As per IS:13730-Part-27, Class-A, Size: 10.5 X 3.5, PC 0.5 MM Kraft Paper Covering",AL-222-,KGS,436.02,costing formula (live metal),,,0,367.9
AL-222-00024,"AL Rectangular Conductor, Aluminium Strip 10.0 X 2.0 MM, Super Enameled 0.11mm",AL-222-,KGS,436.02,costing formula (live metal),,,0,367.9
AL-222-00027,"AL Rectangular Conductor, Aluminium Strip 12.0 X 3.0 MM, Super Enameled 0.11MM",AL-222-,KGS,436.02,costing formula (live metal),,,0,367.9
AL-222-00022,"AL Rectangular Conductor, Aluminium Strip 12.0 X 4.0 MM, Super Enameled 0.11mm",AL-222-,KGS,436.02,costing formula (live metal),,,0,367.9
AL-222-00028,"AL Rectangular Conductor, Aluminium Strip 3.0 X 2.0 MM, Super Enameled 0.11MM, Grade-2, Class H",AL-222-,KGS,436.02,costing formula (live metal),,,0,367.9
AL-222-00020,"AL Rectangular Conductor, Aluminium Strip 5.0 X 3.0 MM, Super Enameled  0.11mm",AL-222-,KGS,417.0,recent PO (age-weighted),417.0,2025-11-20,0,367.9
AL-222-00282,"AL Rectangular Conductor, Aluminium Strip Size : 7.5 x 4mm Super Enameled 0.08mm, Finished OD = 7.58 x 4.08 mm, Grade 2, Class H",AL-222-,KGS,436.02,costing formula (live metal),600.0,2026-06-22,,367.9
AL-222-00241,"AL Rectangular Conductor, Aluminium Strip, As per IS:13730 | IEC 60317-Part-28, Class-H, Size : 10 × 2.5, Super Enamelled 0.11 mm (Finished OD= 10.11 × 2.61)",AL-222-,KGS,436.02,costing formula (live metal),380.0,2025-09-06,,367.9
AL-222-00221,"AL Rectangular Conductor, Aluminium Strip, As per IS:13730 | IEC 60317-Part-28, Class-H, Size: 10 × 4.5, FG Covering 0.3 mm (Finished OD= 10.3 × 4.8)",AL-222-,KGS,436.02,costing formula (live metal),354.0,25/04/2025,,367.9
AL-222-00210,"AL Rectangular Conductor, Aluminium Strip, As per IS:13730 | IEC 60317-Part-28, Class-H, Size: 10.5 × 4, FG Covering 0.5 mm (Finished OD= 11 × 4.5)",AL-222-,KGS,436.02,costing formula (live metal),545.45,2026-06-27,0,367.9
AL-222-00238,"AL Rectangular Conductor, Aluminium Strip, As per IS:13730 | IEC 60317-Part-28, Class-H, Size: 10.5×3.5, Super Enamelled 0.11 mm (Finished OD= 10.61×3.61)",AL-222-,KGS,436.02,costing formula (live metal),410.0,2025-09-29,,367.9
AL-222-00249,"AL Rectangular Conductor, Aluminium Strip, As per IS:13730 | IEC 60317-Part-28, Class-H, Size: 11 × 3.55, Super Enamelled 0.12 mm (Finished OD= 11.12 × 3.67)",AL-222-,KGS,440.0,recent PO (age-weighted),440.0,2026-01-07,,367.9
AL-222-00223,"AL Rectangular Conductor, Aluminium Strip, As per IS:13730 | IEC 60317-Part-28, Class-H, Size: 11.4 × 2.7 FG Covering 0.3 mm (Finished OD= 11.7 × 3)",AL-222-,KGS,436.02,costing formula (live metal),354.0,25/04/2025,,367.9
AL-222-00125,"AL Rectangular Conductor, Aluminium Strip, As per IS:13730 | IEC 60317-Part-28, Class-H, Size: 11.4 × 3.55, Super Enamelled 0.11 mm (Finished OD= 11.51 × 3.66)",AL-222-,KGS,436.02,costing formula (live metal),,,0,367.9
AL-222-00133,"AL Rectangular Conductor, Aluminium Strip, As per IS:13730 | IEC 60317-Part-28, Class-H, Size: 12 × 3.5, Super Enamelled 0.11 mm (Finished OD= 12.11× 3.61)",AL-222-,KGS,436.02,costing formula (live metal),,,0,367.9
AL-222-00222,"AL Rectangular Conductor, Aluminium Strip, As per IS:13730 | IEC 60317-Part-28, Class-H, Size: 13.8 × 3.35, FG Covering 0.3 mm (Finished OD= 14.1 × 3.65)",AL-222-,KGS,436.02,costing formula (live metal),354.0,25/04/2025,,367.9
AL-222-00100,"AL Rectangular Conductor, Aluminium Strip, As per IS:13730 | IEC 60317-Part-28, Class-H, Size: 3.6×2, Super Enamelled 0.11 mm (Finished OD= 3.71 x 2.11)",AL-222-,KGS,436.02,costing formula (live metal),,,0,367.9
AL-222-00099,"AL Rectangular Conductor, Aluminium Strip, As per IS:13730 | IEC 60317-Part-28, Class-H, Size: 3x2, Super Enamelled 0.1 mm, (Finished OD:3.10×2.10)",AL-222-,KGS,436.02,costing formula (live metal),,,0,367.9
AL-222-00103,"AL Rectangular Conductor, Aluminium Strip, As per IS:13730 | IEC 60317-Part-28, Class-H, Size: 4.2×2.5, Super Enamelled 0.12 mm (Finished OD= 4.32×2.62)",AL-222-,KGS,436.02,costing formula (live metal),,,0,367.9
AL-222-00104,"AL Rectangular Conductor, Aluminium Strip, As per IS:13730 | IEC 60317-Part-28, Class-H, Size: 4×2, Super Enamelled 0.11 mm (Finished OD= 4.11×2.11)",AL-222-,KGS,436.02,costing formula (live metal),,,0,367.9
AL-222-00083,"AL Rectangular Conductor, Aluminium Strip, As per IS:13730 | IEC 60317-Part-28, Class-H, Size: 5.8 x2.12, Super Enamelled 0.12 mm (Finished OD= 5.92 x 2.24)",AL-222-,KGS,436.02,costing formula (live metal),,,0,367.9
AL-222-00105,"AL Rectangular Conductor, Aluminium Strip, As per IS:13730 | IEC 60317-Part-28, Class-H, Size: 7.5×2.5, Super Enamelled 0.11 mm (Finished OD=7.61×2.61)",AL-222-,KGS,436.02,costing formula (live metal),,,0,367.9
AL-222-00082,"AL Rectangular Conductor, Aluminium Strip, As per IS:13730 | IEC 60317-Part-28, Class-H, Size: 8.5 x2.7, Super Enamelled 0.11 mm (Finished OD= 8.61 x 2.81)",AL-222-,KGS,436.02,costing formula (live metal),,,0,367.9
AL-222-00243,"AL Rectangular Conductor, Aluminium Strip, As per IS:13730 | IEC 60317-Part-28, Class-H, Size: 9 × 3.5, Super Enamelled 0.11 mm (Finished OD= 9.11×3.61)",AL-222-,KGS,417.0,recent PO (age-weighted),417.0,2025-11-13,,367.9
AL-222-00246,"AL Rectangular Conductor, Aluminium Strip, As per IS:13730 | IEC 60317-Part-28, Class-H, Size: 9.4×5.2, Super Enamelled 0.12 mm (Finished OD= 9.52×5.32)",AL-222-,KGS,436.02,costing formula (live metal),407.2,2025-10-30,,367.9
AL-222-00251,"AL Rectangular Conductor, Aluminium Strip, As per IS:13730 | IEC 60317-Part-28, Class-H, Size: 9.5 × 2.12, FG Covering 0.3 mm (Finished OD= 9.8 × 2.42)",AL-222-,KGS,436.02,costing formula (live metal),460.0,2026-01-07,,367.9
AL-222-00250,"AL Rectangular Conductor, Aluminium Strip, As per IS:13730 | IEC 60317-Part-28, Class-H, Size: 9.5 × 3.2, FG Covering 0.3 mm (Finished OD= 9.8 × 3.5)",AL-222-,KGS,436.02,costing formula (live metal),460.0,2026-01-07,,367.9
AL-222-00151,"AL Rectangular Conductor, Aluminium Strip, As per IS:13730 | IEC 60317-Part-28, Class-H, Size: 9.5×3.5, Super Enamelled 0.11 mm (Finished OD= 9.61×3.61)",AL-222-,KGS,436.02,costing formula (live metal),,,0,367.9
AL-222-00008,"AL Rectangular Conductor, Aluminium Strip, As per IS:13730-Part-27, Class-A, Size:  9.5 x 4.8, PC 0.35 MM Kraft Paper Covering",AL-222-,KGS,436.02,costing formula (live metal),,,0,367.9
AL-222-00009,"AL Rectangular Conductor, Aluminium Strip, As per IS:13730-Part-27, Class-A, Size: 12.6 x 5.0, PC 0.35 MM Kraft Paper Covering",AL-222-,KGS,436.02,costing formula (live metal),,,0,367.9
AL-222-00007,"AL Rectangular Conductor, Aluminium Strip, As per IS:13730-Part-27, Class-A, Size: 8.1 x 4.9, PC 0.35 MM Kraft Paper Covering",AL-222-,KGS,436.02,costing formula (live metal),,,0,367.9
AL-222-00076,"AL Rectangular Conductor, Aluminium Strip, As per IS:13730-Part-27, Class-H, Size: 8.5 x3.0, Super Enamelled 0.12 mm",AL-222-,KGS,436.02,costing formula (live metal),,,0,367.9
AL-222-00290,"AL Rectangular Conductor, Aluminium Strip, Size : 6 × 3mm, Super Enamelled 0.12mm,  Finished OD=6.12 × 3.12mm, UL Approved.",AL-222-,KGS,436.02,costing formula (live metal),515.0,2026-08-05,,367.9
AL-222-00287,"AL Rectangular Conductor, Aluminium Strip, Size : 7 × 4mm, Super Enamelled 0.12mm, Finished OD = 7.12 × 4.12mm, UL Approved.",AL-222-,KGS,436.02,costing formula (live metal),535.0,2026-08-05,,367.9
AL-222-00288,"AL Rectangular Conductor, Aluminium Strip, Size : 8 × 3, Super Enamelled 0.12 mm, Finished OD = 8.12 × 3.12mm, UL Approved.",AL-222-,KGS,436.02,costing formula (live metal),535.0,2026-08-05,,367.9
AL-222-00286,"AL Rectangular Conductor, Aluminium Strip, Size : 9.4 × 5.2mm, Super Enamelled 0.12mm, Finished OD = 9.52 × 5.32mm, UL Approved.",AL-222-,KGS,436.02,costing formula (live metal),535.0,2026-08-05,,367.9
AL-222-00247,"AL Rectangular Conductor, Aluminum Strip, As per IS:13730 | IEC 60317-Part-28, Class-H, Size: 7×4, Super Enameled 0.12 mm (Finished OD= 7.12×4.12).",AL-222-,KGS,436.02,costing formula (live metal),407.2,2025-10-30,,367.9
AL-222-00283,"AL Round Conductor, Aluminium Wire Size : Ø0.457mm Super Enameled 0.08mm, Finished OD = 0.537 mm, Grade 2, Class H",AL-222-,KGS,436.02,costing formula (live metal),530.0,2026-06-20,,367.9
AL-222-00032,"AL Round Conductor, Aluminium Wire Ø0.41 MM, Super Enameled 0.11mm, Grade-2, Class H",AL-222-,KGS,436.02,costing formula (live metal),,,0,367.9
AL-222-00042,"AL Round Conductor, Aluminium Wire Ø1.30 MM, Super Enameled 0.11mm",AL-222-,KGS,436.02,costing formula (live metal),,,0,367.9
AL-222-00071,"AL Round Conductor, Aluminium Wire Ø1.9 MM, Super Enameled 0.1mm, Grade-2, Class H , IS 13730 | IEC 60317 | Part - 8",AL-222-,KGS,436.02,costing formula (live metal),,,0,367.9
AL-222-00073,"AL Round Conductor, Aluminium Wire Ø2.0 MM, Super Enameled 0.1mm, Grade-2, Class H , IS 13730 | IEC 60317 | Part - 8 (Finished OD=2.1MM)",AL-222-,KGS,436.02,costing formula (live metal),528.0,2026-06-18,0,367.9
AL-222-00025,"AL Round Conductor, Aluminium Wire Ø2.40 MM, Super Enameled 0.11mm, Finished OD = 2.51 mm",AL-222-,KGS,436.02,costing formula (live metal),,,0,367.9
AL-222-00019,"AL Round Conductor, Aluminium Wire Ø2.8 MM, Super Enameled  0.11mm",AL-222-,KGS,436.02,costing formula (live metal),,,0,367.9
AL-222-00045,"AL Round Conductor, Aluminium Wire Ø3.0 MM, Super Enameled 0.11mm, Grade-2, Class H",AL-222-,KGS,436.02,costing formula (live metal),402.0,2025-11-13,0,367.9
AL-222-00245,"AL Round Conductor, Aluminium Wire Ø3.8 MM, Super Enameled 0.12mm, Grade-2, Class H , IS 13730 | IEC 60317 | Part - 8 (Finished OD=3.92 MM)",AL-222-,KGS,436.02,costing formula (live metal),395.0,2025-10-30,,367.9
AL-222-00206,"AL Round Conductor, Aluminium Wire Ø4.27 MM, Super Enameled 0.11mm, As per IS:13730 ,(Finished OD=4.38 MM)",AL-222-,KGS,436.02,costing formula (live metal),,,0,367.9
AL-222-00010,"AL Round Conductor, Aluminium Wire, As per IS:6162-Part-1, Class-A, Size: Dia - 1MM, PC 0.20 MM Kraft Paper Covering",AL-222-,KGS,436.02,costing formula (live metal),,,0,367.9
AL-222-00011,"AL Round Conductor, Aluminium Wire, As per IS:6162-Part-1, Class-A, Size: Dia - 2.10 MM, PC 0.22 MM Kraft Paper Covering",AL-222-,KGS,436.02,costing formula (live metal),,,0,367.9
AL-222-00012,"AL Round Conductor, Aluminium Wire, As per IS:6162-Part-1, Class-A, Size: Dia - 2.50 MM, PC 0.22 MM Kraft Paper Covering",AL-222-,KGS,436.02,costing formula (live metal),,,0,367.9
AL-222-00291,"AL Round Conductor, Aluminium Wire, Size : Ø3.0mm, Super Enameled 0.11mm, Grade-2, Finished OD=3.11mm, UL Approved.",AL-222-,KGS,436.02,costing formula (live metal),515.0,2026-08-05,,367.9
AL-222-00289,"AL Round Conductor, Aluminium Wire, Size : Ø3.8mm, Super Enameled 0.12mm, Grade-2, Finished OD = Ø3.92mm, UL Approved.",AL-222-,KGS,436.02,costing formula (live metal),515.0,2026-08-05,,367.9
AL-222-00242,"AL Round Conductor, Wire Size : Bare Ø1 mm",AL-222-,KGS,436.02,costing formula (live metal),,,,367.9
WB-606-00006,"Aluminium Brazing Rod  L&T EutecRod, Size:3.15mm",WB-606-,KGS,432.32,costing formula (live metal),,,0,367.9
WB-606-00019,"Aluminium Brazing Rod, Size:22 X 1.6mm",WB-606-,KGS,432.32,costing formula (live metal),,,0,367.9
AL-222-00192,Aluminium Bus Bar Electrical Grade : A6101-T6 Size 20(W) x 5(T),AL-222-,KGS,415.0,recent PO (age-weighted),415.0,2026-07-17,0,367.9
AL-222-00189,Aluminium Bus Bar Electrical Grade : A6101-T6 Size 50(W) x 6(T),AL-222-,KGS,415.26,costing formula (live metal),,,0,367.9
AL-222-00269,"Aluminium Busbar, Electrical Grade: A6101-T6, Size: 100(W) x 12 (T) mm",AL-222-,KGS,422.31,recent PO (age-weighted),425.0,2026-07-31,,367.9
AL-222-00252,"Aluminium Busbar, Electrical Grade: A6101-T6, Size: 195(L) x 30(W) x 5 (T) mm, As per Drawing No : 2025-01-00-11",AL-222-,KGS,415.26,costing formula (live metal),,,,367.9
AL-222-00014,"Aluminium Busbar, Electrical Grade: A6101-T6, Size: 25(W) x 3(T)mm",AL-222-,KGS,415.26,costing formula (live metal),,,0,367.9
AL-222-00048,"Aluminium Busbar, Electrical Grade: A6101-T6, Size: 30(W) x 3(T) MM",AL-222-,KGS,415.26,costing formula (live metal),322.0,2025-09-06,0,367.9
AL-222-00049,"Aluminium Busbar, Electrical Grade: A6101-T6, Size: 40(W) x 5(T) MM",AL-222-,KGS,415.0,recent PO (age-weighted),415.0,2026-07-17,0,367.9
AL-222-00087,"Aluminium Busbar, Electrical Grade: A6101-T6, Size: 40(W) x 6(T)mm",AL-222-,KGS,415.26,costing formula (live metal),,,0,367.9
AL-222-00180,"Aluminium Busbar, Electrical Grade: A6101-T6, Size: 50(W) x 10(T)mm",AL-222-,KGS,415.26,costing formula (live metal),,,0,367.9
AL-222-00006,"Aluminium Busbar, Electrical Grade: A6101-T6, Size: 50(W) x 6(T)mm",AL-222-,KGS,415.26,costing formula (live metal),,,0,367.9
AL-222-00047,"Aluminium Busbar, Electrical Grade: A6101-T6, Size: 60(W) x 6(T) MM",AL-222-,KGS,415.26,costing formula (live metal),,,0,367.9
AL-222-00169,"Aluminium Busbar, Electrical Grade: A6101-T6, Size: 80(W) x 6(T)mm",AL-222-,KGS,415.26,costing formula (live metal),,,0,367.9
WB-606-00009,"Aluminium Filler Rod, Ø1.6mm",WB-606-,KGS,432.32,costing formula (live metal),,,0,367.9
WB-606-00014,"Aluminium Filler Rod, Ø2.5mm",WB-606-,KGS,432.32,costing formula (live metal),,,0,367.9
AL-111-00047,"Aluminium Foil, Electrical Grade : 1050, Size: 220(Width) x 2(Thick) mm (Hardness less than 30)",AL-111-,KGS,432.32,costing formula (live metal),,,,367.9
AL-111-00045,"Aluminium Foil, Electrical Grade : 1070A-O, Size : 150(Width) x 1.4 (Thick) (Hardness less than 30)",AL-111-,KGS,432.32,costing formula (live metal),,,,367.9
AL-111-00046,"Aluminium Foil, Electrical Grade : 1070A-O, Size : 350(Width) x 0.8 (Thick) (Hardness less than 30)",AL-111-,KGS,432.32,costing formula (live metal),76960.0,2026-06-17,,367.9
AL-111-00018,"Aluminium Foil, Electrical Grade:1050, Size: 100 (Width) X 1 MM (Thick) (Hardness less than 30)",AL-111-,KGS,432.32,costing formula (live metal),,,0,367.9
AL-111-00010,"Aluminium Foil, Electrical Grade:1050, Size: 1000 (Width) X 0.5 MM (Thick)",AL-111-,KGS,432.32,costing formula (live metal),,,0,367.9
AL-111-00001,"Aluminium Foil, Electrical Grade:1050, Size: 110 (Width) X 0.8MM (Thick)",AL-111-,KGS,432.32,costing formula (live metal),,,0,367.9
AL-111-00003,"Aluminium Foil, Electrical Grade:1050, Size: 200 (Width) X 1 MM (Thick) (Hardness less than 30)",AL-111-,KGS,432.32,costing formula (live metal),,,0,367.9
AL-111-00040,"Aluminium Foil, Electrical Grade:1050, Size: 250(Width) x 1.5(Thick) (Hardness less than 30)",AL-111-,KGS,432.32,costing formula (live metal),,,,367.9
AL-111-00030,"Aluminium Foil, Electrical Grade:1050, Size: 325 (Width) X 0.5 MM (Thick) (Hardness less than 30)",AL-111-,KGS,432.32,costing formula (live metal),,,0,367.9
AL-111-00020,"Aluminium Foil, Electrical Grade:1050, Size: 350 (Width) X 2 MM (Thick) (Hardness less than 30)",AL-111-,KGS,432.32,costing formula (live metal),,,,367.9
AL-111-00042,"Aluminium Foil, Electrical Grade:1050, Size: 350(Width) x 0.5(Thick) (Hardness less than 30)",AL-111-,KGS,432.32,costing formula (live metal),465.0,2026-02-07,,367.9
AL-111-00014,"Aluminium Foil, Electrical Grade:1050, Size: 36 (Width) X 0.5 MM (Thick) (Hardness less than 30)",AL-111-,KGS,432.32,costing formula (live metal),,,0,367.9
AL-111-00016,"Aluminium Foil, Electrical Grade:1050, Size: 45 (Width) X 0.5 MM (Thick) (Hardness less than 30)",AL-111-,KGS,432.32,costing formula (live metal),,,0,367.9
AL-111-00005,"Aluminium Foil, Electrical Grade:1050, Size: 80 (Width) X 1 MM (Thick) (Hardness less than 30)",AL-111-,KGS,432.32,costing formula (live metal),,,0,367.9
AL-111-00044,"Aluminium Foil, Electrical Grade:1070A-O, Size : 200(Width) x 2(Thick) (Hardness less than 30)",AL-111-,KGS,432.32,costing formula (live metal),,,,367.9
AL-111-00043,"Aluminium Foil, Electrical Grade:1070A-O, Size : 340(Width) x 1.5(Thick) (Hardness less than 30)",AL-111-,KGS,432.32,costing formula (live metal),,,,367.9
AL-222-00064,"Aluminium Strip, As per IS 13730 | IEC 60317 | Part - 8 Class-H Size: 6 x 2 Enamelled 0.11 MM (Finished OD=6.1 x 2.1)",AL-222-,KGS,432.32,costing formula (live metal),,,0,367.9
AL-222-00056,"Aluminium Strip, As per IS:6162-Part-2, Class-A, Size:  12 x 3.9, PC 0.35 MM Kraft Paper Covering(Finished OD=12.35 x 4.25)",AL-222-,KGS,432.32,costing formula (live metal),,,0,367.9
AL-222-00253,"Aluminium Strip, Bare Size : 4 x 2.5 with Poleyester and Fibreglass Covering 0.5mm, Finished OD : 4.5 x 3, As per IS 11597-1986",AL-222-,KGS,443.45,recent PO (age-weighted),443.45,2025-11-22,,367.9
AL-222-00292,"Aluminium Strip, Bare Size : 5 x 2.5 with Poleyester and Fibreglass Covering 0.5mm, Finished OD : 5.5 x 3, As per IS 11597-1986",AL-222-,KGS,432.32,costing formula (live metal),558.25,2026-08-08,,367.9
AL-111-00036,TESTING OCT 25 BULK PROCUREMENT,AL-111-,KGS,432.32,costing formula (live metal),500.0,2025-10-18,,367.9
AL-222-00244,TESTING OCT 25 BULK PROCUREMENT_2,AL-222-,KGS,432.32,costing formula (live metal),200.0,2025-10-18,,367.9
CC-555-00173," Core Lamination -1 Strips, Size: 440(L) x 110(W), Grade: CRNGO - 0.35mm Thick, Core Loss: Max 3.5 W/Kg @ 1.7T",CC-555-,KGS,175.0,metal benchmark (indicative),,,0,175.0
CC-555-00174," Core Lamination -2 Strips, Size: 260(L) x 110(W), Grade: CRNGO - 0.35mm Thick, Core Loss: Max 3.5W/Kg @ 1.7T",CC-555-,KGS,175.0,metal benchmark (indicative),,,0,175.0
CC-555-00152," Core Lamination 1 Strips, Size: 170(L) x 45(W) ,Grade: M4, CRGO -0.27mm Thick, Core Loss: Max 0.89w/Kg @ 1.5T, 50Hz",CC-555-,KGS,175.0,metal benchmark (indicative),,,0,175.0
CC-555-00185," Core Lamination 1 Strips, Size: 405(L) x 45(W) ,Grade: M4, CRGO -0.27mm Thick, Core Loss: Max 0.89w/Kg @ 1.5T, 50Hz",CC-555-,KGS,175.0,metal benchmark (indicative),,,0,175.0
CC-555-00178," Core Lamination 1 Strips, Size: 465(L) x 65(W) ,Grade: M4, CRGO -0.27mm Thick, Core Loss: Max 0.89w/Kg @ 1.5T, 50Hz",CC-555-,KGS,175.0,metal benchmark (indicative),,,0,175.0
CC-555-00183," Core Lamination 1 Strips, Size: 500(L) x 50(W) ,Grade: M4, CRGO -0.27mm Thick, Core Loss: Max 0.89w/Kg @ 1.5T, 50Hz",CC-555-,KGS,175.0,metal benchmark (indicative),,,0,175.0
CC-555-00176," Core Lamination 1 Strips, Size: 505(L) x 75(W) ,Grade: M4, CRGO -0.27mm Thick, Core Loss: Max 0.89w/Kg @ 1.5T, 50Hz, As per Drawing No: 2020-03-B01-01",CC-555-,KGS,175.0,metal benchmark (indicative),,,0,175.0
CC-555-00153," Core Lamination 2 Strips, Size: 190(L) x 45(W) ,Grade: M4, CRGO -0.27mm Thick, Core Loss: Max 0.89w/Kg @ 1.5T, 50Hz",CC-555-,KGS,175.0,metal benchmark (indicative),,,0,175.0
CC-555-00181," Core Lamination 2 Strips, Size: 250(L) x 45(W) ,Grade: M4, CRGO -0.27mm Thick, Core Loss: Max 0.89w/Kg @ 1.5T, 50Hz",CC-555-,KGS,175.0,metal benchmark (indicative),,,0,175.0
CC-555-00184," Core Lamination 2 Strips, Size: 255(L) x 45(W) ,Grade: M4, CRGO -0.27mm Thick, Core Loss: Max 0.89w/Kg @ 1.5T, 50Hz",CC-555-,KGS,175.0,metal benchmark (indicative),,,0,175.0
CC-555-00179," Core Lamination 2 Strips, Size: 270(L) x 45(W) ,Grade: M4, CRGO -0.27mm Thick, Core Loss: Max 0.89w/Kg @ 1.5T, 50Hz",CC-555-,KGS,175.0,metal benchmark (indicative),,,0,175.0
CC-555-00182," Core Lamination 2 Strips, Size: 270(L) x 50(W) ,Grade: M4, CRGO -0.27mm Thick, Core Loss: Max 0.89w/Kg @ 1.5T, 50Hz",CC-555-,KGS,175.0,metal benchmark (indicative),,,0,175.0
CC-555-00175," Core Lamination 2 Strips, Size: 500(L) x 75(W) ,Grade: M4, CRGO -0.27mm Thick, Core Loss: Max 0.89w/Kg @ 1.5T, 50Hz, As per Drawing No: 2020-03-B02-01",CC-555-,KGS,175.0,metal benchmark (indicative),,,0,175.0
CC-555-00177," Core Lamination 2 Strips, Size: 510(L) x 65(W) ,Grade: M4, CRGO -0.27mm Thick, Core Loss: Max 0.89w/Kg @ 1.5T, 50Hz",CC-555-,KGS,175.0,metal benchmark (indicative),,,0,175.0
CC-555-00387,"Assembled Core Lamination, Hole: Ø14MM, Grade : M4-0.27MM, CRGO-Max Core Loss 0.83 W/Kg@1.5 T, 50Hz.",CC-555-,KGS,175.0,metal benchmark (indicative),,,,175.0
CC-555-00310,"Bottom Yoke Core Lamination Strips, Size: 112.5(L) x 55(W),  Grade: CRGO M4 0.27mm Thick, Core Losses : <1.1 W/Kg @ 1.7T, 50Hz, As per drawing 2020-49-B03-01",CC-555-,KGS,175.0,metal benchmark (indicative),,,0,175.0
CC-555-00418,"Bottom Yoke Core Lamination Strips, Size: 525(L) X 75(W), Grade: CRGO,M3, 0.23 thk MM, Max Core Loss 0.68 W/Kg@1.5 T, 50Hz, As per drawing No: 5018-R01-02",CC-555-,KGS,240.39,recent PO (age-weighted),225.0,2026-06-15,,175.0
CC-555-00065,"CRGO Cut Lamination, (RC4007), Grade: M4-0.27MM, Max Core Loss 0.83 W/Kg@1.5 T, 50Hz.",CC-555-,KGS,175.0,metal benchmark (indicative),,,0,175.0
CC-555-00071,"CRGO Lamination  Strips, Size: 260(L) X 50(W), Hole: SH 1PLX Ø11MM, Grade: M4-0.27MM, Max Core Loss 0.83 W/Kg@1.5 T, 50Hz.",CC-555-,KGS,175.0,metal benchmark (indicative),,,0,175.0
CC-555-00099,"CRGO Lamination (250 KVA), 0.23(thk) mm, Grade: MOH 0.23 at 1.58Tesla, 50Hz as per drawing no:3007-00-00-10 ",CC-555-,KGS,175.0,metal benchmark (indicative),,,0,175.0
CC-555-00087,"CRGO Lamination (250 KVA), 0.23(thk) mm, Grade:23 ZDMH 80, at 1.58Tesla, 50Hz as per drawing no:3007-00-00-10 ",CC-555-,KGS,175.0,metal benchmark (indicative),,,0,175.0
CC-555-00020,"CRGO Lamination Strips (RC2002), Grade: M4, 0.27 MM Thick, Core Loss: Max 0.83 W/Kg, 1.5T @ 50Hz",CC-555-,KGS,175.0,metal benchmark (indicative),,,0,175.0
CC-555-00022,"CRGO Lamination Strips (RC2009), Grade: M4, 0.27 MM Thick, Core Loss: Max 0.83 W/Kg, 1.5T @ 50Hz",CC-555-,KGS,175.0,metal benchmark (indicative),,,0,175.0
CC-555-00141,"CRGO Lamination Strips (RC2019-01), Grade: M4, 0.27 MM Thick, Core Loss: Max 1.01 W/Kg, 1.6T @ 50Hz",CC-555-,KGS,175.0,metal benchmark (indicative),,,0,175.0
CC-555-00140,"CRGO Lamination Strips (RC2019-02), Grade: M4, 0.27 MM Thick, Core Loss: Max 1.01 W/Kg, 1.6T @ 50Hz",CC-555-,KGS,175.0,metal benchmark (indicative),,,0,175.0
CC-555-00023,"CRGO Lamination Strips (RC5005), Grade: M4, 0.27 MM Thick, Core Loss: Max 0.83 W/Kg, 1.5T @ 50Hz",CC-555-,KGS,175.0,metal benchmark (indicative),,,0,175.0
CC-555-00019,"CRGO Lamination Strips, 1.25KVA, Grade: M4, 0.27 MM Thick, Core Loss: Max 0.83 W/Kg, 1.5T @ 50Hz",CC-555-,KGS,175.0,metal benchmark (indicative),,,0,175.0
CC-555-00021,"CRGO Lamination Strips, Size: 105X50 & 160X50 & 235X50 MM, Stack: 155MM, Grade: M4, 0.27 MM Thick, Core Loss: Max 0.83 W/Kg, 1.5T @ 50Hz",CC-555-,KGS,175.0,metal benchmark (indicative),,,0,175.0
CC-555-00104,"CRGO Lamination Strips, Size: 113 (L) X 50 (W) Grade: M4-0.27MM, Max Core Loss 0.83 W/Kg@1.5 T, 50Hz",CC-555-,KGS,175.0,metal benchmark (indicative),,,0,175.0
CC-555-00041,"CRGO Lamination Strips, Size: 120(L) X 50(W), Hole: 1PLX Ø9MM, Grade: M4-0.27MM, Max Core Loss 0.83 W/Kg@1.5 T, 50Hz",CC-555-,KGS,175.0,metal benchmark (indicative),,,0,175.0
CC-555-00024,"CRGO Lamination Strips, Size: 130X50 & 210X50 & 185X50MM, Stack: 124MM, Grade: M4, 0.27 MM Thick, Core Loss: Max 0.83 W/Kg, 1.5T @ 50Hz",CC-555-,KGS,175.0,metal benchmark (indicative),,,0,175.0
CC-555-00073,"CRGO Lamination Strips, Size: 140(L) X 50(W), Grade: M4-0.27MM, Max Core Loss 0.83 W/Kg@1.5 T, 50Hz.",CC-555-,KGS,175.0,metal benchmark (indicative),,,0,175.0
CC-555-00102,"CRGO Lamination Strips, Size: 168 (L) X 50 (W), Grade: M4-0.27MM, Max Core Loss 0.83 W/Kg@1.5 T, 50Hz",CC-555-,KGS,175.0,metal benchmark (indicative),,,0,175.0
CC-555-00042,"CRGO Lamination Strips, Size: 215(L) X 50(W), Hole: 1PLX Ø9MM, Grade: M4-0.27MM, Max Core Loss 0.83 W/Kg@1.5 T, 50Hz",CC-555-,KGS,175.0,metal benchmark (indicative),,,0,175.0
CC-555-00072,"CRGO Lamination Strips, Size: 250(L) X 50(W),  Hole:  3PLX Ø9 MM, Grade: M4-0.27MM, Max Core Loss 0.83 W/Kg@1.5 T, 50Hz.",CC-555-,KGS,175.0,metal benchmark (indicative),,,0,175.0
CC-555-00070,"CRGO Lamination Strips, Size: 250(L) X 50(W), SH,1PLX, Hole: Ø11MM, Grade: M4-0.27MM, Max Core Loss 0.83 W/Kg@1.5 T, 50Hz.",CC-555-,KGS,175.0,metal benchmark (indicative),,,0,175.0
CC-555-00103,"CRGO Lamination Strips, Size: 370 (L) X 100 (W), Hole: Ø11 MM, Grade: M4-0.27MM, Max Core Loss 0.83 W/Kg@1.5 T, 50Hz",CC-555-,KGS,175.0,metal benchmark (indicative),,,0,175.0
CC-555-00100,"CRGO Lamination Strips, Size: 370 (L) X 50 (W), Hole: Ø11 MM, Grade: M4-0.27MM, Max Core Loss 0.83 W/Kg@1.5 T, 50Hz",CC-555-,KGS,175.0,metal benchmark (indicative),,,0,175.0
CC-555-00101,"CRGO Lamination Strips, Size: 68 (L) X 50 (W) Grade: M4-0.27MM, Max Core Loss 0.83 W/Kg@1.5 T, 50Hz",CC-555-,KGS,175.0,metal benchmark (indicative),,,0,175.0
CC-555-00106,"CRGO Lamination Strips, Type 16 CRGO 0.35 mm ",CC-555-,KGS,175.0,metal benchmark (indicative),,,0,175.0
CC-555-00306,CRGO Lamination strips Type 16  CRGO 0.30 mm,CC-555-,KGS,175.0,metal benchmark (indicative),,,0,175.0
CC-555-00054,"CRGO Lamination-1 Strips, Size: 115(L) X 50(W), SH  1PLX,  Hole: Ø11MM, Grade: M4-0.27MM, Max Core Loss 0.83 W/Kg@1.5 T, 50Hz.",CC-555-,KGS,175.0,metal benchmark (indicative),,,0,175.0
CC-555-00097,"CRGO Lamination-1 Strips, Size: 170 (L) X 40 (W), Hole: Ø9 MM, Grade: M4-0.27MM, Max Core Loss 0.83 W/Kg@1.5 T, 50Hz",CC-555-,KGS,175.0,metal benchmark (indicative),,,0,175.0
CC-555-00064,"CRGO Lamination-1 Strips, Size: 180(L) X 80(W), SH,1PLX, Hole: Ø9MM, Grade: M4-0.27MM, Max Core Loss 0.83 W/Kg@1.5 T, 50Hz.",CC-555-,KGS,175.0,metal benchmark (indicative),,,0,175.0
CC-555-00094,"CRGO Lamination-1 Strips, Size: 190 (L) X 75 (W), Hole: Ø14 MM, Grade: M4-0.27MM, Max Core Loss 0.83 W/Kg@1.5 T, 50Hz",CC-555-,KGS,175.0,metal benchmark (indicative),,,0,175.0
CC-555-00067,"CRGO Lamination-1 Strips, Size: 190(L) X 80(W), SH,1PLX, Hole: Ø12MM, Grade: M4-0.27MM, Max Core Loss 0.83 W/Kg@1.5 T, 50Hz.",CC-555-,KGS,175.0,metal benchmark (indicative),,,0,175.0
CC-555-00047,"CRGO Lamination-1 Strips, Size: 216(L) X 50(W), MH 1PLX, Hole: Ø11MM, Grade: M4-0.27MM, Max Core Loss 0.83 W/Kg@1.5 T, 50Hz.",CC-555-,KGS,175.0,metal benchmark (indicative),,,0,175.0
CC-555-00043,"CRGO Lamination-1 Strips, Size: 260(L) X 50(W), Hole: 3PLX Ø9MM, Grade: M4-0.27MM, Max Core Loss 0.83 W/Kg@1.5 T, 50Hz.",CC-555-,KGS,175.0,metal benchmark (indicative),,,0,175.0
CC-555-00090,"CRGO Lamination-1 Strips, Size: 440(L) X 60(W), Hole: Ø11MM, Grade: M4-0.27MM, Max Core Loss 0.83 W/Kg@1.5 T, 50Hz",CC-555-,KGS,175.0,metal benchmark (indicative),,,0,175.0
CC-555-00059,"CRGO Lamination-1 Strips, Size: 520(L) X 120(W), SH,1PLX, Hole: Ø14MM, Grade: M4-0.27MM, Max Core Loss 0.83 W/Kg@1.5 T, 50Hz.",CC-555-,KGS,175.0,metal benchmark (indicative),,,0,175.0
CC-555-00098,"CRGO Lamination-2 Strips, Size: 103 (L) X 40 (W), Hole: Ø9 MM, Grade: M4-0.27MM, Max Core Loss 0.83 W/Kg@1.5 T, 50Hz",CC-555-,KGS,175.0,metal benchmark (indicative),,,0,175.0
CC-555-00063,"CRGO Lamination-2 Strips, Size: 130(L) X 80(W), SH,1PLX, Hole: Ø9MM, Grade: M4-0.27MM, Max Core Loss 0.83 W/Kg@1.5 T, 50Hz.",CC-555-,KGS,175.0,metal benchmark (indicative),,,0,175.0
CC-555-00056,"CRGO Lamination-2 Strips, Size: 255(L) X 50(W), SH, 1PLX  Hole: Ø11MM, Grade: M4-0.27MM, Max Core Loss 0.83 W/Kg@1.5 T, 50Hz.",CC-555-,KGS,175.0,metal benchmark (indicative),,,0,175.0
CC-555-00057,"CRGO Lamination-2 Strips, Size: 280(L) X 50(W), SH, 1PLX  Hole: Ø11MM, Grade: M4-0.27MM, Max Core Loss 0.83 W/Kg@1.5 T, 50Hz.",CC-555-,KGS,175.0,metal benchmark (indicative),,,0,175.0
CC-555-00068,"CRGO Lamination-2 Strips, Size: 285(L) X 80(W), SH,1PLX, Hole: Ø12MM, Grade: M4-0.27MM, Max Core Loss 0.83 W/Kg@1.5 T, 50Hz.",CC-555-,KGS,175.0,metal benchmark (indicative),,,0,175.0
CC-555-00048,"CRGO Lamination-2 Strips, Size: 290(L) X 100(W), SH 1PLX, Hole: Ø11MM, Grade: M4-0.27MM, Max Core Loss 0.83 W/Kg@1.5 T, 50Hz.",CC-555-,KGS,175.0,metal benchmark (indicative),,,0,175.0
CC-555-00058,"CRGO Lamination-2 Strips, Size: 290(L) X 50(W), SH,1PLX, Hole: Ø11MM, Grade: M4-0.27MM, Max Core Loss 0.83 W/Kg@1.5 T, 50Hz.",CC-555-,KGS,175.0,metal benchmark (indicative),,,0,175.0
CC-555-00060,"CRGO Lamination-2 Strips, Size: 295(L) X 120(W), SH,1PLX, Hole: Ø14MM, Grade: M4-0.27MM, Max Core Loss 0.83 W/Kg@1.5 T, 50Hz.",CC-555-,KGS,175.0,metal benchmark (indicative),,,0,175.0
CC-555-00095,"CRGO Lamination-2 Strips, Size: 420 (L) X 75 (W), Hole: Ø14 MM, Grade: M4-0.27MM, Max Core Loss 0.83 W/Kg@1.5 T, 50Hz",CC-555-,KGS,175.0,metal benchmark (indicative),,,0,175.0
CC-555-00091,"CRGO Lamination-2 Strips, Size: 440(L) X 120(W), Hole: Ø11MM, Grade: M4-0.27MM, Max Core Loss 0.83 W/Kg@1.5 T, 50Hz",CC-555-,KGS,175.0,metal benchmark (indicative),,,0,175.0
CC-555-00044,"CRGO Lamination-2 Strips, Size: 50(L) X 36.5(W),Grade: M4-0.27MM, Max Core Loss 0.83 W/Kg@1.5 T, 50Hz, ",CC-555-,KGS,175.0,metal benchmark (indicative),,,0,175.0
CC-555-00055,"CRGO Lamination-3 Strips, Size: 180(L) X 50(W), MH  1PLX, Hole: Ø11MM, Grade: M4-0.27MM, Max Core Loss 0.83 W/Kg@1.5 T, 50Hz.",CC-555-,KGS,175.0,metal benchmark (indicative),,,0,175.0
CC-555-00045,"CRGO Lamination-3 Strips, Size: 260(L) X 100(W), Hole: 3PL X Ø9MM, Grade: M4-0.27MM, Max Core Loss 0.83 W/Kg@1.5 T, 50Hz.",CC-555-,KGS,175.0,metal benchmark (indicative),,,0,175.0
CC-555-00049,"CRGO Lamination-3 Strips, Size: 290(L) X 50(W), 2PLX, Hole: Ø11MM, Grade: M4-0.27MM, Max Core Loss 0.83 W/Kg@1.5 T, 50Hz.",CC-555-,KGS,175.0,metal benchmark (indicative),,,0,175.0
CC-555-00069,"CRGO Lamination-3 Strips, Size: 300(L) X 80(W), MH,1PLX, Hole: Ø12MM, Grade: M4-0.27MM, Max Core Loss 0.83 W/Kg@1.5 T, 50Hz.",CC-555-,KGS,175.0,metal benchmark (indicative),,,0,175.0
CC-555-00096,"CRGO Lamination-3 Strips, Size: 305 (L) X 75 (W), Hole: Ø14 MM, Grade: M4-0.27MM, Max Core Loss 0.83 W/Kg@1.5 T, 50Hz",CC-555-,KGS,175.0,metal benchmark (indicative),,,0,175.0
CC-555-00092,"CRGO Lamination-3 Strips, Size: 56.5(L) X 60(W), Grade: M4-0.27MM, Max Core Loss 0.83 W/Kg@1.5 T, 50Hz",CC-555-,KGS,175.0,metal benchmark (indicative),,,0,175.0
CC-555-00050,"CRGO Lamination-4 Strips, Size: 108(L) X 50(W), SH 1PLX, Hole: Ø11MM, Grade: M4-0.27MM, Max Core Loss 0.83 W/Kg@1.5 T, 50Hz.",CC-555-,KGS,175.0,metal benchmark (indicative),,,0,175.0
CC-555-00093,"CRGO Lamination-4 Strips, Size: 123(L) X 60(W), Grade: M4-0.27MM, Max Core Loss 0.83 W/Kg@1.5 T, 50Hz",CC-555-,KGS,175.0,metal benchmark (indicative),,,0,175.0
CC-555-00046,"CRGO Lamination-4 Strips, Size: 50(L) X 65(W),Grade: M4-0.27MM, Max Core Loss 0.83 W/Kg@1.5 T, 50Hz.",CC-555-,KGS,175.0,metal benchmark (indicative),,,0,175.0
CC-555-00311,"Centre Limb Core Lamination Strips, Size: 460(L) x 110(W),  Grade: CRGO M4 0.27mm Thick, Core Losses : <1.1 W/Kg @ 1.7T, 50Hz, As per drawing 2020-49-B04-01",CC-555-,KGS,175.0,metal benchmark (indicative),,,0,175.0
CC-555-00409,"Core E & I Lamination 1-Ph Type-120, CRGO Grade: M4-0.27, Core Loss : 0.89W/Kg@1.5T, 50Hz, As per drawing No: 2032-00-02",CC-555-,KGS,384.76,recent PO (age-weighted),375.0,2026-07-10,,175.0
CC-555-00395,"Core E & I Lamination 3 - Ph Type 100, CRNO Grade: M250-35A, 0.35MM, Max Core Loss 2.1 W/Kg@1.5 T, 50Hz",CC-555-,KGS,171.0,recent PO (age-weighted),171.0,2025-09-27,,175.0
CC-555-00389,"Core E & I Lamination, 1 - Phase, Type 16 , CRNO Grade: M250-35A, 0.35MM, Max Core Loss <2.1 W/Kg@1.5 T, 50Hz, As Per Drawing No: 2012-13-00-02",CC-555-,KGS,170.0,recent PO (age-weighted),170.0,2025-09-24,,175.0
CC-555-00471,"Core E & I Lamination, 1 - Phase, Type 43, CRNO Grade : M250-35A, 0.35(T)mm, Max Core Loss <2.7W/Kg@1.5T, 50Hz, As Per Drawing No : 2036-02-00-02",CC-555-,KGS,135.0,recent PO (age-weighted),135.0,2026-07-21,,175.0
CC-555-00448,"Core E & I Lamination, 1 - Phase, Type 8 , CRNO Grade : M360, 0.5(T)mm, Max Core Loss <3.6W/Kg@1.5 T, 50Hz",CC-555-,KGS,123.54,recent PO (age-weighted),135.0,2026-08-03,,175.0
CC-555-00388,"Core E & I Lamination, 3 - Phase, Type 8B , CRNO Grade: M210-35A, 0.35MM, Max Core Loss <2.1 W/Kg@1.5 T, 50Hz, As Per Drawing No: 2012-12-00-02",CC-555-,KGS,170.0,recent PO (age-weighted),170.0,2026-02-20,,175.0
CC-555-00132,"Core E Lamination TY3, 1PH CRGO Grade: M6-0.35MM, Max Core Loss 1.02 W/Kg@1.5 T, 50Hz",CC-555-,KGS,175.0,metal benchmark (indicative),,,0,175.0
CC-555-00249,"Core E Lamination Type-16, 1Ph CRNGO Grade: 50H230/H6, Losses <2.3W/Kg @1.5 T, 50Hz, As per drawing No: 5011-08-B01-01",CC-555-,KGS,175.0,metal benchmark (indicative),,,0,175.0
CC-555-00253,"Core E Lamination Type-180, 1Ph CRNGO Grade: 50H230/H6, Losses <2.3W/Kg @1.5 T, 50Hz, As per drawing No: 5011-05-B01-01",CC-555-,KGS,175.0,metal benchmark (indicative),,,0,175.0
CC-555-00247,"Core E Lamination Type-6, 1Ph CRNGO Grade: M210-0.35MM, Losses : <2.1W/Kg @1.5 T, 50Hz, As per drawing No:2023-06-B01-01",CC-555-,KGS,175.0,metal benchmark (indicative),,,0,175.0
CC-555-00217,"Core E&I Lamination Strips 1PH TY120  CRGO Grade: M4, Max Core Loss 0.85 W/Kg@1.5 T, 50Hz",CC-555-,KGS,175.0,metal benchmark (indicative),,,0,175.0
CC-555-00079,"Core E&I Lamination Strips 1PH TY15 (RC2017-01) CRGO Grade: M4, Max Core Loss 0.85 W/Kg@1.5 T, 50Hz as per drag.No:2017-01-00-02",CC-555-,KGS,175.0,metal benchmark (indicative),,,0,175.0
CC-555-00080,"Core E&I Lamination Strips 1PH TY33 (RC2017-02) CRGO Grade:M4,  Max Core Loss 0.85W/Kg@1.5 T, 50Hz as per drawing No:2017-02-00-02",CC-555-,KGS,175.0,metal benchmark (indicative),,,0,175.0
CC-555-00370,"Core E&I Lamination Strips : 1-Phase, Type-43, CRNO Grade: M360, 0.5 (T) MM, Max Core Loss 3.6 W/Kg@1.5 T, 50Hz, As Per Drawing No 2021-03-00-02",CC-555-,KGS,125.0,recent PO (age-weighted),125.0,2025-11-19,0,175.0
CC-555-00375,"Core E&I Lamination Strips : 1-Phase, Type-6, CRNO Grade: M360, 0.5 (T) MM, Max Core Loss 3.6 W/Kg@1.5 T, 50Hz, As Per Drawing No 2021-13-00-02",CC-555-,KGS,175.0,metal benchmark (indicative),,,0,175.0
CC-555-00307,"Core E&I Lamination Strips, 1-Phase Type-120, CRNO, Grade: M210-35A, 0.35(T)mm, Max Core Loss : <2.1W/Kg@1.5 T, 50Hz, As per drawing No : 2023-06-00-02",CC-555-,KGS,130.55,recent PO (age-weighted),132.0,2026-06-11,0,175.0
CC-555-00133,"Core I Lamination TY3, 1PH CRGO Grade: M6-0.35MM, Max Core Loss 1.02 W/Kg@1.5 T, 50Hz",CC-555-,KGS,175.0,metal benchmark (indicative),,,0,175.0
CC-555-00250,"Core I Lamination Type-16,1Ph CRNGO Grade: 50H230/H6, Losses <2.3W/Kg @1.5 T, 50Hz, As per drawing No: 5011-08-B02-01",CC-555-,KGS,175.0,metal benchmark (indicative),,,0,175.0
CC-555-00254,"Core I Lamination Type-180, 1Ph CRNGO Grade: 50H230/H6, Losses <2.3W/Kg @1.5 T, 50Hz, As per drawing No: 5011-05-B02-01",CC-555-,KGS,175.0,metal benchmark (indicative),,,0,175.0
CC-555-00252,"Core I Lamination Type-43, 1Ph CRNGO Grade: 50H230/H6, Losses <2.3W/Kg @1.5 T, 50Hz, As per drawing No: 5011-07-B02-01 &  5011-06-B02-01",CC-555-,KGS,175.0,metal benchmark (indicative),,,0,175.0
CC-555-00248,"Core I Lamination Type-6, 1Ph CRNGO Grade: M210-0.35MM, Losses : <2.1W/Kg @1.5 T, 50Hz, As per drawing No:2023-06-B01-02",CC-555-,KGS,175.0,metal benchmark (indicative),,,0,175.0
CC-555-00294,"Core Lamination - 1 Strips, Size: 112.5(L) x 55(W),  Grade: CRGO M4 0.27mm Thick, Core Losses : 0.9 W/Kg @ 1.7T, 50Hz, As per drawing 2020-48-B04-01",CC-555-,KGS,175.0,metal benchmark (indicative),,,0,175.0
CC-555-00302,"Core Lamination - 1 Strips, Size: 460(L) x 55(W),  Grade: CRGO M4 0.27mm Thick, Core Losses : 0.9 W/Kg @ 1.7T, 50Hz, As per drawing 2020-50-B04-01",CC-555-,KGS,175.0,metal benchmark (indicative),,,0,175.0
CC-555-00298,"Core Lamination - 1 Strips, Size: 475(L) x 70(W),  Grade: CRGO M4 0.27mm Thick, Core Losses : 0.9 W/Kg @ 1.7T, 50Hz, As per drawing 2020-51-B04-01",CC-555-,KGS,175.0,metal benchmark (indicative),,,0,175.0
CC-555-00303,"Core Lamination - 2 Strips, Size: 112.5(L) x 55(W),  Grade: CRGO M4 0.27mm Thick, Core Losses : 0.9 W/Kg @ 1.7T, 50Hz, As per drawing 2020-50-B05-01",CC-555-,KGS,175.0,metal benchmark (indicative),,,0,175.0
CC-555-00299,"Core Lamination - 2 Strips, Size: 155(L) x 70(W),  Grade: CRGO M4 0.27mm Thick, Core Losses : 0.9 W/Kg @ 1.7T, 50Hz, As per drawing 2020-51-B05-01",CC-555-,KGS,175.0,metal benchmark (indicative),,,0,175.0
CC-555-00295,"Core Lamination - 2 Strips, Size: 410(L) x 110(W),  Grade: CRGO M4 0.27mm Thick, Core Losses : 0.9 W/Kg @ 1.7T, 50Hz, As per drawing 2020-48-B05-01",CC-555-,KGS,175.0,metal benchmark (indicative),,,0,175.0
CC-555-00304,"Core Lamination - 3 Strips, Size: 225(L) x 55(W),  Grade: CRGO M4 0.27mm Thick, Core Losses : 0.9 W/Kg @ 1.7T, 50Hz, As per drawing 2020-50-B06-01",CC-555-,KGS,175.0,metal benchmark (indicative),,,0,175.0
CC-555-00300,"Core Lamination - 3 Strips, Size: 310(L) x 70(W),  Grade: CRGO M4 0.27mm Thick, Core Losses : 0.9 W/Kg @ 1.7T, 50Hz, As per drawing 2020-51-B06-01",CC-555-,KGS,175.0,metal benchmark (indicative),,,0,175.0
CC-555-00296,"Core Lamination - 3 Strips, Size: 410(L) x 55(W),  Grade: CRGO M4 0.27mm Thick, Core Losses : 0.9 W/Kg @ 1.7T, 50Hz, As per drawing 2020-48-B06-01",CC-555-,KGS,175.0,metal benchmark (indicative),,,0,175.0
CC-555-00297,"Core Lamination - 4 Strips, Size: 225(L) x 55(W),  Grade: CRGO M4 0.27mm Thick, Core Losses : 0.9 W/Kg @ 1.7T, 50Hz, As per drawing 2020-48-B07-01",CC-555-,KGS,175.0,metal benchmark (indicative),,,0,175.0
CC-555-00305,"Core Lamination - 4 Strips, Size: 460(L) x 110(W),  Grade: CRGO M4 0.27mm Thick, Core Losses : 0.9 W/Kg @ 1.7T, 50Hz, As per drawing 2020-50-B07-01",CC-555-,KGS,175.0,metal benchmark (indicative),,,0,175.0
CC-555-00301,"Core Lamination - 4 Strips, Size: 475(L) x 140(W),  Grade: CRGO M4 0.27mm Thick, Core Losses : 0.9 W/Kg @ 1.7T, 50Hz, As per drawing 2020-51-B07-01",CC-555-,KGS,175.0,metal benchmark (indicative),,,0,175.0
CC-555-00390,"Core Lamination 1 Strips, Size: 205(L) x 70(W), Grade: CRNO 0.35(T) mm, Max Core Loss 1.5 W/Kg@1.5 T, 50Hz, As per Drawing No: 2022-05-B01-01",CC-555-,KGS,175.0,metal benchmark (indicative),,,,175.0
CC-555-00202,"Core Lamination 1 Strips, Size: 360(L) x 50(W), Grade: CRGO M4 0.27mm Thick, Core Loss: Max 0.89w/Kg @ 1.5T, 50Hz@ 1.5T",CC-555-,KGS,175.0,metal benchmark (indicative),,,0,175.0
CC-555-00196,"Core Lamination 1 Strips, Size: 370(L) x 40(W), Grade: M4, CRGO -0.27mm Thick, Core Loss: Max 0.89w/Kg @ 1.5T, 50Hz.",CC-555-,KGS,175.0,metal benchmark (indicative),,,0,175.0
CC-555-00206,"Core Lamination 1 Strips, Size: 385(L) x 45(W), Grade: CRGO M4 0.27mm Thick, Core Loss: Max 0.89w/Kg @ 1.5T, 50Hz@ 1.5T",CC-555-,KGS,175.0,metal benchmark (indicative),,,0,175.0
CC-555-00210,"Core Lamination 1 Strips, Size: 410(L) x 50(W), Grade: CRGO M4 0.27mm Thick, Core Loss: Max 0.89w/Kg @ 1.5T, 50Hz@ 1.5T",CC-555-,KGS,175.0,metal benchmark (indicative),,,0,175.0
CC-555-00221,"Core Lamination 1 Strips, Size: 415(L) x 45(W),  Grade: CRGO M4 0.27mm Thick, Core Loss: Max 0.89w/Kg @ 1.5T, 50Hz, As per drawing",CC-555-,KGS,175.0,metal benchmark (indicative),,,0,175.0
CC-555-00194,"Core Lamination 1 Strips, Size: 425(L) x 60(W), Grade: CRGO M4 0.27mm Thick, Core Loss: Max 0.89w/Kg @ 1.5T, 50Hz@ 1.5T",CC-555-,KGS,175.0,metal benchmark (indicative),,,0,175.0
CC-555-00187,"Core Lamination 1 Strips, Size: 430(L) x 50(W), Grade: CRGO M4 0.27mm Thick, Core Loss: Max 0.89w/Kg @ 1.5T, 50Hz",CC-555-,KGS,175.0,metal benchmark (indicative),,,0,175.0
CC-555-00214,"Core Lamination 1 Strips, Size: 435(L) x 55(W),  Grade: CRGO M4 0.27mm Thick, Core Loss: Max 0.89w/Kg @ 1.5T, 50Hz, As per drawing",CC-555-,KGS,175.0,metal benchmark (indicative),,,0,175.0
CC-555-00189,"Core Lamination 1 Strips, Size: 445(L) x 55(W),  Grade: CRGO M4 0.27mm Thick, Core Loss: Max 0.89w/Kg @ 1.5T, 50Hz",CC-555-,KGS,175.0,metal benchmark (indicative),,,0,175.0
CC-555-00232,"Core Lamination 1 Strips, Size: 505(L) x 75(W),  Grade: CRGO M4 0.27mm Thick, Core Loss: Max 0.89w/Kg @ 1.5T, 50Hz, As per drawing",CC-555-,KGS,175.0,metal benchmark (indicative),,,0,175.0
CC-555-00218,"Core Lamination 1 Strips, Size: 625(L) x 95(W),  Grade: CRGO M4 0.27mm Thick, Core Loss: Max 0.89w/Kg @ 1.5T, 50Hz, As per drawing",CC-555-,KGS,175.0,metal benchmark (indicative),,,0,175.0
CC-555-00239,"Core Lamination 1 Strips, Size: 790(L) x 120(W),  Grade: CRGO M4 0.27mm Thick, Core Loss: Max 0.89w/Kg @ 1.5T, 50Hz, As per drawing 2020-22-00-02",CC-555-,KGS,175.0,metal benchmark (indicative),,,0,175.0
CC-555-00398,"Core Lamination 1, Size : 240(L) x 60(W) mm, CRNO Grade: M250-35A, 0.35MM, Max Core Loss 2.5 W/Kg@1.5 T, 50Hz, As Per Drawing No : 2023-03-00-02",CC-555-,KGS,175.0,metal benchmark (indicative),,,,175.0
CC-555-00397,"Core Lamination 1, Size : 320(L) x 80(W) mm, CRNO Grade: M250-35A, 0.35MM, Max Core Loss 2.5 W/Kg@1.5 T, 50Hz, As Per Drawing No : 2023-05-B01-02",CC-555-,KGS,175.0,metal benchmark (indicative),,,,175.0
CC-555-00207,"Core Lamination 2 Strips, Size: 145(L) x 45(W), Grade: CRGO M4 0.27mm Thick, Core Loss: Max 0.89w/Kg @ 1.5T, 50Hz@ 1.5T",CC-555-,KGS,175.0,metal benchmark (indicative),,,0,175.0
CC-555-00391,"Core Lamination 2 Strips, Size: 155(L) x 70(W), Grade: CRNO 0.35(T) mm, Max Core Loss 1.5 W/Kg@1.5 T, 50Hz, As per Drawing No: 2022-05-B02-01",CC-555-,KGS,175.0,metal benchmark (indicative),,,,175.0
CC-555-00211,"Core Lamination 2 Strips, Size: 205(L) x 50(W), Grade: CRGO M4 0.27mm Thick, Core Loss: Max 0.89w/Kg @ 1.5T, 50Hz@ 1.5T",CC-555-,KGS,175.0,metal benchmark (indicative),,,0,175.0
CC-555-00215,"Core Lamination 2 Strips, Size: 205(L) x 55(W),  Grade: CRGO M4 0.27mm Thick, Core Loss: Max 0.89w/Kg @ 1.5T, 50Hz, As per drawing",CC-555-,KGS,175.0,metal benchmark (indicative),,,0,175.0
CC-555-00195,"Core Lamination 2 Strips, Size: 240(L) x 40(W), Grade: M4, CRGO -0.27mm Thick, Core Loss: Max 0.89w/Kg @ 1.5T, 50Hz",CC-555-,KGS,175.0,metal benchmark (indicative),,,0,175.0
CC-555-00186,"Core Lamination 2 Strips, Size: 250(L) x 50(W), Grade: CRGO M4 0.27mm Thick, Core Loss: Max 0.89w/Kg @ 1.5T, 50Hz",CC-555-,KGS,175.0,metal benchmark (indicative),,,0,175.0
CC-555-00201,"Core Lamination 2 Strips, Size: 255(L) x 50(W), Grade: CRGO M4 0.27mm Thick, Core Loss: Max 0.89w/Kg @ 1.5T, 50Hz@ 1.5T",CC-555-,KGS,175.0,metal benchmark (indicative),,,0,175.0
CC-555-00216,"Core Lamination 2 Strips, Size: 275(L) x 50(W),  Grade: CRGO M4 0.27mm Thick, Core Loss: Max 0.89w/Kg @ 1.5T, 50Hz, As per drawing",CC-555-,KGS,175.0,metal benchmark (indicative),,,0,175.0
CC-555-00190,"Core Lamination 2 Strips, Size: 350(L) x 55(W), Grade: CRGO M4 0.27mm Thick, Core Loss: Max 0.89w/Kg @ 1.5T, 50Hz",CC-555-,KGS,175.0,metal benchmark (indicative),,,0,175.0
CC-555-00188,"Core Lamination 2 Strips, Size: 360(L) x 55(W), Grade: CRGO M4 0.27mm Thick, Core Loss: Max 0.89w/Kg @ 1.5T, 50Hz",CC-555-,KGS,175.0,metal benchmark (indicative),,,0,175.0
CC-555-00233,"Core Lamination 2 Strips, Size: 365(L) x 75(W),  Grade: CRGO M4 0.27mm Thick, Core Loss: Max 0.89w/Kg @ 1.5T, 50Hz, As per drawing",CC-555-,KGS,175.0,metal benchmark (indicative),,,0,175.0
CC-555-00240,"Core Lamination 2 Strips, Size: 590(L) x 120(W),  Grade: CRGO M4 0.27mm Thick, Core Loss: Max 0.89w/Kg @ 1.5T, 50Hz, As per drawing 2020-22-00-02.",CC-555-,KGS,175.0,metal benchmark (indicative),,,0,175.0
CC-555-00219,"Core Lamination 2 Strips, Size: 650(L) x 95(W),  Grade: CRGO M4 0.27mm Thick, Core Loss: Max 0.89w/Kg @ 1.5T, 50Hz, As per drawing",CC-555-,KGS,175.0,metal benchmark (indicative),,,0,175.0
CC-555-00121,"Core Lamination 60 KVA , CRGO M4-0.27mm Thick @ 1.65 T, 50 Hz (CAT-C)",CC-555-,KGS,175.0,metal benchmark (indicative),,,0,175.0
CC-555-00122,"Core Lamination 60 KVA , CRGO M4-0.27mm Thick @ 1.65 T,1.13W/Kg, 50 Hz ",CC-555-,KGS,175.0,metal benchmark (indicative),,,0,175.0
CC-555-00117,"Core Lamination 9 KVA , CRGO M4-0.27mm Thick @ 1.65 T, 50 Hz (CAT-C)",CC-555-,KGS,175.0,metal benchmark (indicative),,,0,175.0
CC-555-00130,"Core Lamination Size:305 (L) x 30 (W) x 0.23 (T)  Grade:CRGO , M3 (For Lab Test)",CC-555-,KGS,175.0,metal benchmark (indicative),,,0,175.0
CC-555-00131,"Core Lamination Size:305 (L) x 30 (W) x 0.27 (T)  Grade:CRGO , M4 (For Lab Test)",CC-555-,KGS,175.0,metal benchmark (indicative),,,0,175.0
CC-555-00235,"Core Lamination Strips  TY 16  CRNO 0.35MM, Length 114",CC-555-,KGS,175.0,metal benchmark (indicative),,,0,175.0
CC-555-00033,"Core Lamination Strips (RC2003-01), Grade: M4-0.27MM, Max Core Loss 0.83 W/Kg@1.5 T",CC-555-,KGS,175.0,metal benchmark (indicative),,,0,175.0
CC-555-00026,"Core Lamination Strips (RC2003-02), Grade: M4-0.27MM, Max Core Loss 0.83 W/Kg@1.5 T",CC-555-,KGS,175.0,metal benchmark (indicative),,,0,175.0
CC-555-00034,"Core Lamination Strips (RC2003-03), Grade: M4-0.27MM, Max Core Loss 0.83 W/Kg@1.5 T",CC-555-,KGS,175.0,metal benchmark (indicative),,,0,175.0
CC-555-00035,"Core Lamination Strips (RC2003-05), Grade: M4-0.27MM, Max Core Loss 0.83 W/Kg@1.5 T",CC-555-,KGS,175.0,metal benchmark (indicative),,,0,175.0
CC-555-00032,"Core Lamination Strips (RC2003-07), Grade: M4-0.27MM, Max Core Loss 0.83 W/Kg@1.5 T, 50Hz",CC-555-,KGS,175.0,metal benchmark (indicative),,,0,175.0
CC-555-00040,"Core Lamination Strips (RC2003-08), Grade: M4-0.27MM, Max Core Loss 0.83 W/Kg@1.5 T, 50Hz",CC-555-,KGS,175.0,metal benchmark (indicative),,,0,175.0
CC-555-00027,"Core Lamination Strips (RC2011-01), Grade: M4-0.27MM, Max Core Loss 0.83 W/Kg@1.5 T",CC-555-,KGS,175.0,metal benchmark (indicative),,,0,175.0
CC-555-00031,"Core Lamination Strips (RC2012-05), CRGO Grade: M4-0.27MM, Max Core Loss 1.02 W/Kg@1.5 T, 50Hz",CC-555-,KGS,175.0,metal benchmark (indicative),,,0,175.0
CC-555-00030,"Core Lamination Strips (RC5002-01), Grade: M4-0.27MM, Max Core Loss 0.83 W/Kg@1.5 T, 50Hz",CC-555-,KGS,175.0,metal benchmark (indicative),,,0,175.0
CC-555-00392,"Core Lamination Strips - 1, Size: 125(L) x 50(W), Grade: CRGO M4 0.27mm Thick, Core Losses : <1.2 W/Kg @ 1.7T, 50Hz, As per drawing 2030-B01-01",CC-555-,KGS,225.0,recent PO (age-weighted),225.0,2025-09-29,,175.0
CC-555-00406,"Core Lamination Strips - 1, Size: 125(L) x 70(W), Grade: CRGO M4 0.27mm Thick, Core Losses : <1.2 W/Kg @ 1.7T, 50Hz, As per drawing 2010-01-B01-02",CC-555-,KGS,220.0,recent PO (age-weighted),220.0,2025-12-16,,175.0
CC-555-00356,"Core Lamination Strips - 1, Size: 165(L) x 80(W),  Grade: CRGO M4 0.27mm Thick, Core Losses : <1.2 W/Kg @ 1.7T, 50Hz, As per drawing 2022-04-B01-01",CC-555-,KGS,175.0,metal benchmark (indicative),,,0,175.0
CC-555-00396,"Core Lamination Strips - 2, Size : 205(L) x 50(W), CRNO Grade: M360, 0.5 (T)mm, Max Core Loss 3.6 W/Kg@1.5 T, 50Hz",CC-555-,KGS,96.0,recent PO (age-weighted),96.0,2026-02-03,,175.0
CC-555-00357,"Core Lamination Strips - 2, Size: 285(L) x 80(W),  Grade: CRGO M4 0.27mm Thick, Core Losses : <1.2 W/Kg @ 1.7T, 50Hz, As per drawing 2022-04-B02-01",CC-555-,KGS,175.0,metal benchmark (indicative),,,0,175.0
CC-555-00393,"Core Lamination Strips - 2, Size: 290(L) x 50(W), Grade: CRGO M4 0.27mm Thick, Core Losses : <1.2 W/Kg @ 1.7T, 50Hz, As per drawing 2030-B01-02",CC-555-,KGS,225.0,recent PO (age-weighted),225.0,2025-09-29,,175.0
CC-555-00407,"Core Lamination Strips - 2, Size: 290(L) x 70(W), Grade: CRGO M4 0.27mm Thick, Core Losses : <1.2 W/Kg @ 1.7T, 50Hz, As per drawing 2010-01-B02-02",CC-555-,KGS,220.0,recent PO (age-weighted),220.0,2025-12-16,,175.0
CC-555-00408,"Core Lamination Strips - 3, Size: 180(L) x 70(W), Grade: CRGO M4 0.27mm Thick, Core Losses : <1.2 W/Kg @ 1.7T, 50Hz, As per drawing 2010-01-B03-02",CC-555-,KGS,220.0,recent PO (age-weighted),220.0,2025-12-16,,175.0
CC-555-00394,"Core Lamination Strips - 3, Size: 200(L) x 50(W), Grade: CRGO M4 0.27mm Thick, Core Losses : <1.2 W/Kg @ 1.7T, 50Hz, As per drawing 2030-B01-03",CC-555-,KGS,225.0,recent PO (age-weighted),225.0,2025-09-29,,175.0
CC-555-00358,"Core Lamination Strips - 3, Size: 250(L) x 80(W),  Grade: CRGO M4 0.27mm Thick, Core Losses : <1.2 W/Kg @ 1.7T, 50Hz, As per drawing 2022-04-B03-01",CC-555-,KGS,175.0,metal benchmark (indicative),,,0,175.0
CC-555-00473,"Core Lamination Strips, Grade: CRGO,M6-35A,0.35mm/Equivalent, Max Core Loss 1.35W/kg@1.7T, 50Hz, As per drawing No : 2025-03-B01-02",CC-555-,KGS,195.0,recent PO (age-weighted),195.0,2026-07-30,,175.0
CC-555-00474,"Core Lamination Strips, Grade: CRGO,M6-35A,0.35mm/Equivalent, Max Core Loss 1.35W/kg@1.7T, 50Hz, As per drawing No : 2025-03-B02-02",CC-555-,KGS,195.0,recent PO (age-weighted),195.0,2026-07-30,,175.0
CC-555-00475,"Core Lamination Strips, Grade: CRGO,M6-35A,0.35mm/Equivalent, Max Core Loss 1.35W/kg@1.7T, 50Hz, As per drawing No : 2025-03-B03-02",CC-555-,KGS,195.0,recent PO (age-weighted),195.0,2026-07-30,,175.0
CC-555-00452,"Core Lamination Strips-1, Grade: CRGO, M4-0.27thk mm, Max Core Loss 1.2W/Kg@1.7T, 50Hz, As per drawing No : 2036-01-B01-02",CC-555-,KGS,225.0,recent PO (age-weighted),225.0,2026-05-18,,175.0
CC-555-00449,"Core Lamination Strips-1, Grade: CRGO, M4-0.27thk mm, Max Core Loss 1.2W/Kg@1.7T, 50Hz, As per drawing No : 2036-B01-02",CC-555-,KGS,225.0,recent PO (age-weighted),225.0,2026-05-18,,175.0
CC-555-00426,"Core Lamination Strips-1, Size : 220(L) x 50(W), Grade: CRGO, M4-0.27thk mm, Max Core Loss 1.2W/Kg@1.7T, 50Hz, As per drawing No : 2034-B01-02",CC-555-,KGS,225.0,recent PO (age-weighted),225.0,2026-03-05,,175.0
CC-555-00429,"Core Lamination Strips-1, Size : 355(L) x 100(W), Grade: CRGO, M4-0.27thk mm, Max Core Loss 1.2W/Kg@1.7T, 50Hz, As per drawing No : 2029-03-B01-02",CC-555-,KGS,225.0,recent PO (age-weighted),225.0,2026-03-25,,175.0
CC-555-00468,"Core Lamination Strips-1, Size : 435(L) x 105(W), Grade: CRGO, M4-0.27thk mm, Max Core Loss 1.2W/Kg@1.7T, 50Hz, As Per Drawing No : 2035-03-B01-02",CC-555-,KGS,225.0,recent PO (age-weighted),225.0,2026-07-01,,175.0
CC-555-00432,"Core Lamination Strips-1, Size : 495(L) x 105(W), Grade: CRGO, M4-0.27thk mm, Max Core Loss 1.2W/Kg@1.7T, 50Hz, As per drawing No : 2035-B01-02",CC-555-,KGS,225.0,recent PO (age-weighted),225.0,2026-03-26,,175.0
CC-555-00419,"Core Lamination Strips-1, Size: 460(L) x 90(W), Grade: CRGO, M4-0.27thk mm, Max Core Loss 1.2W/Kg@1.7T, 50Hz, As per drawing No : 2024-11-B01-02",CC-555-,KGS,225.0,recent PO (age-weighted),225.0,2026-02-09,,175.0
CC-555-00453,"Core Lamination Strips-2, Grade: CRGO, M4-0.27thk mm, Max Core Loss 1.2W/Kg@1.7T, 50Hz, As per drawing No : 2036-01-B02-02",CC-555-,KGS,225.0,recent PO (age-weighted),225.0,2026-05-18,,175.0
CC-555-00450,"Core Lamination Strips-2, Grade: CRGO, M4-0.27thk mm, Max Core Loss 1.2W/Kg@1.7T, 50Hz, As per drawing No : 2036-B02-02",CC-555-,KGS,225.0,recent PO (age-weighted),225.0,2026-05-18,,175.0
CC-555-00427,"Core Lamination Strips-2, Size : 110(L) x 50(W), Grade: CRGO, M4-0.27thk mm, Max Core Loss 1.2W/Kg@1.7T, 50Hz, As per drawing No : 2034-B02-02",CC-555-,KGS,225.0,recent PO (age-weighted),225.0,2026-03-05,,175.0
CC-555-00433,"Core Lamination Strips-2, Size : 220(L) x 105(W), Grade: CRGO, M4-0.27thk mm, Max Core Loss 1.2W/Kg@1.7T, 50Hz, As per drawing No : 2035-B02-02",CC-555-,KGS,225.0,recent PO (age-weighted),225.0,2026-03-26,,175.0
CC-555-00469,"Core Lamination Strips-2, Size : 225(L) x 105(W), Grade: CRGO, M4-0.27thk mm, Max Core Loss 1.2W/Kg@1.7T, 50Hz, As Per Drawing No : 2035-03-B02-02",CC-555-,KGS,225.0,recent PO (age-weighted),225.0,2026-07-01,,175.0
CC-555-00430,"Core Lamination Strips-2, Size : 260(L) x 100(W), Grade: CRGO, M4-0.27thk mm, Max Core Loss 1.2W/Kg@1.7T, 50Hz, As per drawing No : 2029-03-B02-02",CC-555-,KGS,225.0,recent PO (age-weighted),225.0,2026-03-25,,175.0
CC-555-00420,"Core Lamination Strips-2, Size: 260(L) x 90(W), Grade: CRGO, M4-0.27thk mm, Max Core Loss 1.2W/Kg@1.7T, 50Hz, As per drawing No : 2024-11-B02-02",CC-555-,KGS,225.0,recent PO (age-weighted),225.0,2026-02-09,,175.0
CC-555-00454,"Core Lamination Strips-3, Grade: CRGO, M4-0.27thk mm, Max Core Loss 1.2W/Kg@1.7T, 50Hz, As per drawing No : 2036-01-B03-02",CC-555-,KGS,225.0,recent PO (age-weighted),225.0,2026-05-18,,175.0
CC-555-00451,"Core Lamination Strips-3, Grade: CRGO, M4-0.27thk mm, Max Core Loss 1.2W/Kg@1.7T, 50Hz, As per drawing No : 2036-B03-02",CC-555-,KGS,225.0,recent PO (age-weighted),225.0,2026-05-18,,175.0
CC-555-00428,"Core Lamination Strips-3, Size : 170(L) x 50(W), Grade: CRGO, M4-0.27thk mm, Max Core Loss 1.2W/Kg@1.7T, 50Hz, As per drawing No : 2034-B03-02",CC-555-,KGS,225.0,recent PO (age-weighted),225.0,2026-03-05,,175.0
CC-555-00434,"Core Lamination Strips-3, Size : 335(L) x 105(W), Grade: CRGO, M4-0.27thk mm, Max Core Loss 1.2W/Kg@1.7T, 50Hz, As per drawing No : 2035-B03-02",CC-555-,KGS,225.0,recent PO (age-weighted),225.0,2026-03-26,,175.0
CC-555-00470,"Core Lamination Strips-3, Size : 345(L) x 105(W), Grade: CRGO, M4-0.27thk mm, Max Core Loss 1.2W/Kg@1.7T, 50Hz, As Per Drawing No : 2035-03-B03-02",CC-555-,KGS,225.0,recent PO (age-weighted),225.0,2026-07-01,,175.0
CC-555-00431,"Core Lamination Strips-3, Size : 420(L) x 100(W), Grade: CRGO, M4-0.27thk mm, Max Core Loss 1.2W/Kg@1.7T, 50Hz, As per drawing No : 2029-03-B03-02",CC-555-,KGS,225.0,recent PO (age-weighted),225.0,2026-03-25,,175.0
CC-555-00421,"Core Lamination Strips-3, Size: 430(L) x 90(W), Grade: CRGO, M4-0.27thk mm, Max Core Loss 1.2W/Kg@1.7T, 50Hz, As per drawing No : 2024-11-B03-02",CC-555-,KGS,225.0,recent PO (age-weighted),225.0,2026-02-09,,175.0
CC-555-00410,"Core Lamination, Grade : CRGO, Core Loss : <1W/Kg@1.7T, 0.23(T) mm, Model : 23-100, Width = 45mm",CC-555-,KGS,180.41,recent PO (age-weighted),190.0,2026-04-09,,175.0
CC-555-00412,"Core Lamination, Grade : CRNGO, Core Loss : <2.15 W/Kg@1.5T, 0.25(T) mm, Model : 25-1300, Width = 70mm",CC-555-,KGS,175.0,metal benchmark (indicative),,,,175.0
CC-555-00411,"Core Lamination, Grade : CRNGO, Core Loss : <4.2 W/Kg@1.5T, 0.5(T) mm, Model : 50-470, Width = 60mm",CC-555-,KGS,108.19,recent PO (age-weighted),79.43,2025-12-19,,175.0
CC-555-00455,"Core Lamination-1, Size : 195(L) x 100(W)mm, Grade: CRGO, M4-0.27thk mm, Max Core Loss 1.2W/Kg@1.7T, 50Hz As Per Drawing No : 2035-02-B01-02",CC-555-,KGS,192.0,recent PO (age-weighted),192.0,2026-08-04,,175.0
CC-555-00445,"Core Lamination-1, Size : 195(L) x 85(W)mm, CRNO Grade : 0.35mm, Max Core Loss : 2.7W/kg@1.5T, 50Hz, As Per Drawing No : 2035-01-B01-02",CC-555-,KGS,132.0,recent PO (age-weighted),132.0,2026-04-24,,175.0
CC-555-00483,"Core Lamination-1, Size : 440(L) x 120(W)mm, Grade: CRGO, M4-0.27thk mm, Max Core Loss 1.2W/Kg@1.7T, 50Hz As Per Drawing No : 2039-B01-02",CC-555-,KGS,175.0,metal benchmark (indicative),,,,175.0
CC-555-00484,"Core Lamination-2, Size : 230(L) x 120(W)mm, Grade: CRGO, M4-0.27thk mm, Max Core Loss 1.2W/Kg@1.7T, 50Hz As Per Drawing No : 2039-B02-02",CC-555-,KGS,175.0,metal benchmark (indicative),,,,175.0
CC-555-00456,"Core Lamination-2, Size : 390(L) x 100(W)mm, Grade: CRGO, M4-0.27thk mm, Max Core Loss 1.2W/Kg@1.7T, 50Hz As Per Drawing No : 2035-02-B02-02",CC-555-,KGS,192.0,recent PO (age-weighted),192.0,2026-08-04,,175.0
CC-555-00446,"Core Lamination-2, Size : 485(L) x 85(W)mm, CRNO Grade : 0.35mm, Max Core Loss : 2.7W/kg@1.5T, 50Hz, As Per Drawing No : 2035-01-B02-02",CC-555-,KGS,132.0,recent PO (age-weighted),132.0,2026-04-24,,175.0
CC-555-00457,"Core Lamination-3, Size : 600(L) x 200(W)mm, Grade: CRGO, M4-0.27thk mm, Max Core Loss 1.2W/Kg@1.7T, 50Hz As Per Drawing No : 2035-02-B03-02",CC-555-,KGS,192.0,recent PO (age-weighted),192.0,2026-08-04,,175.0
CC-555-00458,"Core Lamination-4, Size : 600(L) x 100(W)mm, Grade: CRGO, M4-0.27thk mm, Max Core Loss 1.2W/Kg@1.7T, 50Hz As Per Drawing No : 2035-02-B04-02",CC-555-,KGS,192.0,recent PO (age-weighted),192.0,2026-08-04,,175.0
CC-555-00234,"Core Laminations (600 KVA), CRGO Grade M4 (0.27), Cut to Length Laminations, as per drawing No: 2024-03-00-02",CC-555-,KGS,175.0,metal benchmark (indicative),,,0,175.0
CC-555-00012,"Core Laminations (63 KVA), Material Grade:M4 (0.27 MM), Max Core Loss 1.25 W/Kg@1.7T",CC-555-,KGS,175.0,metal benchmark (indicative),,,0,175.0
CC-555-00355,"Core Laminations for 500 KVA, CRGO Grade M4-0.27, Core Loss: 1.2W/Kg @ 1.7T,  Cut to Length Laminations, As Per Drawing No : 2024-10-00-02",CC-555-,KGS,175.0,metal benchmark (indicative),,,,175.0
CMP-444-00210,"FG Sheet, Grade: GPO3, (UL) 1.0 MM (Thickness)",CMP-444-,KGS,175.0,metal benchmark (indicative),,,0,175.0
CMP-444-00070,"FG Sheet, Grade: GPO3, 1.0 MM (Thickness)",CMP-444-,KGS,175.0,metal benchmark (indicative),,,0,175.0
CMP-444-00051,"FG Sheet, Grade: GPO3, 1.5 MM (Thickness)",CMP-444-,KGS,245.0,recent PO (age-weighted),245.0,2025-09-15,0,175.0
CMP-444-00180,"FG Sheet, Grade: GPO3, 3.5 MM (Thickness)",CMP-444-,KGS,175.0,metal benchmark (indicative),,,0,175.0
CMP-444-00147,"FG Sheet, Grade: GPO3, 5 MM (Thickness)",CMP-444-,KGS,175.0,metal benchmark (indicative),,,0,175.0
CC-555-00267,"Lamination 1, Size:120 (L) x 50 (W), Material: CRNGO , Grade: 210-35, Max <2.1W/kg @ 1.5T, 50Hz",CC-555-,KGS,175.0,metal benchmark (indicative),,,0,175.0
CC-555-00270,"Lamination 1, Size:335 (L) x 60 (W), Material: CRNGO , 0.25 mm , Core loss: Max 0.83W/kg @ 1.5T, 50Hz, As per drawing No: 2021-07-B01-01",CC-555-,KGS,175.0,metal benchmark (indicative),,,0,175.0
CC-555-00268,"Lamination 2, Size: 265 (L) x 50 (W), Material: CRNGO , Grade: 210-35, Max <2.1W/kg @ 1.5T, 50Hz",CC-555-,KGS,175.0,metal benchmark (indicative),,,0,175.0
CC-555-00271,"Lamination 2, Size: 60 (L) x 30 (W), Material: CRNGO , 0.25mm(T), Core loss: Max 0.83 W/kg @ 1.5T, 50Hz, As per drawing No: 2021-07-B02-01",CC-555-,KGS,175.0,metal benchmark (indicative),,,0,175.0
CC-555-00269,"Lamination 3, Size: 190 (L) x 50 (W), Material: CRNGO , Grade: 210-35, Max <2.1W/kg @ 1.5T, 50Hz",CC-555-,KGS,175.0,metal benchmark (indicative),,,0,175.0
CC-555-00272,"Lamination 3, Size: 335 (L) x 30 (W), Material: CRNGO , 0.25mm(T), Core loss: Max 0.83 W/kg @ 1.5T, 50Hz,As per drawing No: 2021-07-B03-01",CC-555-,KGS,175.0,metal benchmark (indicative),,,0,175.0
CC-555-00273,"Lamination 4, Size: 120 (L) x 30 (W), Material: CRNGO , 0.25mm(T), Core loss: Max 0.83 W/kg @ 1.5T,  As per drawing No: 2021-07-B04-01",CC-555-,KGS,175.0,metal benchmark (indicative),,,0,175.0
CC-555-00015,"Lamination Magnetic Core: 380 X 80 MM, CRGO, Grade: M-OH, 0.23 MM Thick, Core Loss: <0.93 W/Kg, 1.7T @ 50Hz",CC-555-,KGS,175.0,metal benchmark (indicative),,,0,175.0
CC-555-00016,"Lamination Magnetic Core: 41.5(L) X 80(W) MM, CRGO, Grade: M-OH, 0.23 MM Thick, Core Loss: <0.93 W/Kg, 1.7T @ 50Hz",CC-555-,KGS,175.0,metal benchmark (indicative),,,0,175.0
CC-555-00244,"Limb Core Lamination Size: 44(L) X 55(W), Material: CRNGO , Grade: M250-35A ( 35H250) , Core Loss: Max 2.5W/Kg @1.5T/50Hz, As Per Drawing 2024-04-B01-02",CC-555-,KGS,175.0,metal benchmark (indicative),,,0,175.0
CC-555-00241,"Limb Core Lamination Size: 44(L) X 80(W), Material: CRNGO , Grade: M250-35A ( 35CG250) , Core Loss: Max 2.25W/Kg @1.5T/50Hz, As Per Drawing 5001-01-B01-02",CC-555-,KGS,175.0,metal benchmark (indicative),,,0,175.0
CC-555-00246,"Limb Core Lamination Size: 44(L) X 85(W), Material: CRNGO , Grade: M250-35A ( 35H250) , Core Loss: Max 2.5W/Kg @1.5T/50Hz, As Per Drawing 2024-05-B01-02",CC-555-,KGS,175.0,metal benchmark (indicative),,,0,175.0
CC-555-00425,"Limb Core Lamination Strips, Size : 50(L) x 75(W) mm, Grade : CRGO M3-0.23(T) mm, Core Loss : 0.68W/kg @ 1.5T 50Hz, As per drawing no : 5004-01-B02-02",CC-555-,KGS,265.0,recent PO (age-weighted),265.0,2026-03-02,,175.0
CC-555-00264,"Limb Core Lamination Strips, Size: 125(L) x 40(W),  Grade: CRGO M4 0.27mm Thick, Core Losses : <1.27 W/Kg @ 1.7T, 50Hz, As per drawing 2020-38-B02-01 & 2020-39-B02-01",CC-555-,KGS,175.0,metal benchmark (indicative),,,0,175.0
CC-555-00293,"Limb Core Lamination Strips, Size: 215(L) x 40(W),  Grade: CRGO M4 0.27mm Thick, Core Losses : <1.27 W/Kg @ 1.7T, 50Hz, As per drawing 2024-07-B02-01",CC-555-,KGS,175.0,metal benchmark (indicative),,,0,175.0
CC-555-00275,"Limb Core Lamination Strips, Size: 240(L) x 40(W),  Grade: CRGO M4 0.27mm Thick, Core Losses : <1.2 W/Kg @ 1.7T, 50Hz, As per drawing 2020-40-B02-01",CC-555-,KGS,175.0,metal benchmark (indicative),,,0,175.0
CC-555-00316,"Limb Core Lamination Strips, Size: 34(L) X 70(W), Grade: CRGO,M3, 0.23 thk MM, Max Core Loss 0.68 W/Kg@1.5 T, 50Hz, As per drawing No: 5017-01-00-03",CC-555-,KGS,175.0,metal benchmark (indicative),,,0,175.0
CC-555-00278,"Limb Core Lamination Strips, Size: 355(L) x 110(W),  Grade: CRGO M4 0.27mm Thick, Core Losses : <1.2 W/Kg @ 1.7T, 50Hz, As per drawing 2020-48-B02-01",CC-555-,KGS,175.0,metal benchmark (indicative),,,0,175.0
CC-555-00260,"Limb Core Lamination Strips, Size: 390(L) x 65(W),  Grade: CRGO M4 0.27mm Thick, Core Losses : <1.27 W/Kg @ 1.7T, 50Hz, As per drawing 2020-36-B02-01",CC-555-,KGS,175.0,metal benchmark (indicative),,,0,175.0
CC-555-00282,"Limb Core Lamination Strips, Size: 405(L) x 110(W),  Grade: CRGO M4 0.27mm Thick, Core Losses : <1.2 W/Kg @ 1.7T, 50Hz, As per drawing 2020-49-B02-01",CC-555-,KGS,175.0,metal benchmark (indicative),,,0,175.0
CC-555-00285,"Limb Core Lamination Strips, Size: 405(L) x 110(W),  Grade: CRGO M4 0.27mm Thick, Core Losses : <1.2 W/Kg @ 1.7T, 50Hz, As per drawing 2020-50-B02-01",CC-555-,KGS,175.0,metal benchmark (indicative),,,0,175.0
CC-555-00289,"Limb Core Lamination Strips, Size: 405(L) x 140(W),  Grade: CRGO M4 0.27mm Thick, Core Losses : <1.2 W/Kg @ 1.7T, 50Hz, As per drawing 2020-51-B02-01",CC-555-,KGS,175.0,metal benchmark (indicative),,,0,175.0
CC-555-00312,"Limb Core Lamination Strips, Size: 41(L) X 60(W), Grade: CRGO,M3, 0.23 thk MM, Max Core Loss 0.68 W/Kg@1.5 T, 50Hz, As per drawing No: 5017-00-03",CC-555-,KGS,175.0,metal benchmark (indicative),,,0,175.0
CC-555-00354,"Limb Core Lamination Strips, Size: 44(L) X 45(W), Grade: CRGO,M3, 0.23 thk MM, Max Core Loss 0.68 W/Kg@1.5 T, 50Hz, As per drawing No: 5014-02-B02-01",CC-555-,KGS,175.0,metal benchmark (indicative),,,0,175.0
CC-555-00327,"Limb Core Lamination Strips, Size: 45(L) X 75(W), Grade: CRGO,M3, 0.23 thk MM, Max Core Loss 0.68 W/Kg@1.5 T, 50Hz, As per drawing No: 5014-04-00-03",CC-555-,KGS,175.0,metal benchmark (indicative),,,,175.0
CC-555-00349,"Limb Core Lamination Strips, Size: 46(L) X 50(W), Grade: CRGO,M3, 0.23 thk MM, Max Core Loss 0.68 W/Kg@1.5 T, 50Hz, As per drawing No: 5014-07-00-02",CC-555-,KGS,175.0,metal benchmark (indicative),,,,175.0
CC-555-00377,"Limb Core Lamination Strips, Size: 50(H) X 35(W), Grade: CRGO, MOH-0.23 thk MM, Core Loss <1W/Kg@1.7 T, 50Hz, As Per Drawing No: 5020-B01-01",CC-555-,KGS,260.0,recent PO (age-weighted),260.0,2025-09-03,,175.0
CC-555-00314,"Limb Core Lamination Strips, Size: 50(L) X 75(W), Grade: CRGO,M3, 0.23 thk MM, Max Core Loss 0.68 W/Kg@1.5 T, 50Hz, As per drawing No: 5018-00-02",CC-555-,KGS,175.0,metal benchmark (indicative),,,0,175.0
CC-555-00347,"Limb Core Lamination Strips, Size: 50(L) X 75(W), Grade: CRGO,M3, 0.23 thk MM, Max Core Loss 0.68 W/Kg@1.5 T, 50Hz, As per drawing No: 5018-R01-02",CC-555-,KGS,240.31,recent PO (age-weighted),225.0,2026-06-15,0,175.0
CC-555-00277,"Limb Core Lamination Strips, Size: 50(L) x 150(W),  Grade: CRGO M4 0.27mm Thick, Core Losses : <1.2 W/Kg @ 1.7T, 50Hz, As per drawing 5015-B02-01",CC-555-,KGS,175.0,metal benchmark (indicative),,,0,175.0
CC-555-00403,"Limb Core Lamination Strips, Size: 50(L) x 55(W), Grade: CRGO-M3, 0.23 thk mm, Max Core Loss 0.68 W/Kg@1.5T, 50Hz, As Per Drawing No: 5005-02-B02-02",CC-555-,KGS,265.0,recent PO (age-weighted),265.0,2026-01-07,,175.0
CC-555-00368,"Limb Core Lamination Strips, Size: 51(L) X 80(W), Grade: CRGO,M3, 0.23 thk MM, Max Core Loss 0.68 W/Kg@1.6 T, 50Hz, As Per Drawing No: 5005-01-00-02",CC-555-,KGS,175.0,metal benchmark (indicative),,,0,175.0
CC-555-00415,"Limb Core Lamination Strips, Size: 56(L) x 115(W), Grade: CRGO,M3, 0.23 thk mm, Max Core Loss 1.2W/Kg@1.7T, 50Hz, As per drawing No: 5014-06-B02-02",CC-555-,KGS,265.0,recent PO (age-weighted),265.0,2026-07-31,,175.0
CC-555-00417,"Limb Core Lamination Strips, Size: 56.5(L) x 90(W), Grade: CRGO,M3, 0.23 thk mm, Max Core Loss 1.2W/Kg@1.7T, 50Hz, As per drawing No: 5014-05-B02-02",CC-555-,KGS,265.0,recent PO (age-weighted),265.0,2026-02-04,,175.0
CC-555-00256,"Limb Core Lamination Strips, Size: 610(L) x 105(W),  Grade: CRGO M4 0.27mm Thick, Core Losses : <1.27 W/Kg @ 1.7T, 50Hz, As per drawing 2020-34-B02-01",CC-555-,KGS,175.0,metal benchmark (indicative),,,0,175.0
CC-555-00238,"Limb Core Lamination Strips, Size: 78(L) X 25(W), Grade: CRNO, M310, 0.5MM, Max Core Loss 3.1 W/Kg@1.5 T, 50Hz",CC-555-,KGS,175.0,metal benchmark (indicative),,,0,175.0
CC-555-00439,"Limb Core Lamination, Size : 34(L) x 60(W)mm, Grade : M3 CRGO-0.23(T)mm, Max Core Loss : 1.1W/kg@1.5T, 50Hz, As Per Drawing No : 5014-08-B02-02",CC-555-,KGS,225.0,recent PO (age-weighted),225.0,2026-04-07,,175.0
CC-555-00443,"Limb Core Lamination, Size : 63(L) x 50(W)mm, Grade : M3 CRGO-0.23(T)mm, Max Core Loss : 1.1W/kg@1.5T, 50Hz, As Per Drawing No : 5014-10-B02-02",CC-555-,KGS,253.13,recent PO (age-weighted),265.0,2026-07-28,,175.0
CC-555-00423,"Limb Core Lamination, Size : 77(L) x 60(W), Grade : CRGO M4-0.27mm Thick, Core Losses : <1.2 W/Kg @ 1.7T, 50Hz, As per drawing No : 5017-02-B02-02",CC-555-,KGS,205.0,recent PO (age-weighted),205.0,2026-02-18,,175.0
CC-555-00401,"Limb Core Lamination, Size : 800 (L) X 110(W) mm, CRNO Grade: M250-35A, 0.35MM, Core Loss <2.1 W/Kg@1.5 T, 50Hz, As per Drawing No : 2025-01-B02-02",CC-555-,KGS,128.5,recent PO (age-weighted),128.5,2025-12-05,,175.0
CC-555-00110,"Limb core  46.5(L) x 65(W) CRNO 0.25 mm Thick , CORE LOSS : MAX 1.2 W / Kg @ 1.5 T 50Hz,  Grade: CRNO, 25C1500",CC-555-,KGS,120.0,recent PO (age-weighted),120.0,2025-09-18,0,175.0
CC-555-00112,"Limb core 143 (L) x 40 (W) CRNO 0.25 mm Thick , CORE LOSS : MAX 1.2 W / Kg @ 1.5 T 50Hz,  Grade: CRNO, 25C1500, As per drawing No : 5011-02-00-02",CC-555-,KGS,127.58,recent PO (age-weighted),130.0,2026-02-10,0,175.0
CC-555-00109,"Limb core 288(L) x 40 (W) CRNO 0.25 mm Thick , CORE LOSS : MAX 1.2 W / Kg @ 1.5 T 50Hz,  Grade: CRNO, 25C1500",CC-555-,KGS,127.56,recent PO (age-weighted),130.0,2026-02-10,0,175.0
CC-555-00136,"Limb core 500 (L) x 75 (W) CRGO,M4 0.27 mm Thick , CORE LOSS : MAX 1.12 W / Kg @ 1.65 T 50Hz",CC-555-,KGS,175.0,metal benchmark (indicative),,,0,175.0
CC-555-00444,"PRIME COLD ROLLED GRAIN ORIENTED ELECTRICAL STEEL COIL, CRGO 0.23 (T) X 970-990mm (W),  Grade: 23HQ100",CC-555-,KGS,180.0,recent PO (age-weighted),180.0,2026-04-09,,175.0
CC-555-00280,"Side Limb Core Lamination Strips, Size: 355(L) x 55(W),  Grade: CRGO M4 0.27mm Thick, Core Losses : <1.2 W/Kg @ 1.7T, 50Hz, As per drawing 2020-48-B03-01",CC-555-,KGS,175.0,metal benchmark (indicative),,,0,175.0
CC-555-00283,"Side Limb Core Lamination Strips, Size: 405(L) x 55(W),  Grade: CRGO M4 0.27mm Thick, Core Losses : <1.2 W/Kg @ 1.7T, 50Hz, As per drawing 2020-49-B03-01",CC-555-,KGS,175.0,metal benchmark (indicative),,,0,175.0
CC-555-00286,"Side Limb Core Lamination Strips, Size: 405(L) x 55(W),  Grade: CRGO M4 0.27mm Thick, Core Losses : <1.2 W/Kg @ 1.7T, 50Hz, As per drawing 2020-50-B03-01",CC-555-,KGS,175.0,metal benchmark (indicative),,,0,175.0
CC-555-00290,"Side Limb Core Lamination Strips, Size: 405(L) x 70(W),  Grade: CRGO M4 0.27mm Thick, Core Losses : <1.2 W/Kg @ 1.7T, 50Hz, As per drawing 2020-51-B03-01",CC-555-,KGS,175.0,metal benchmark (indicative),,,0,175.0
CC-555-00309,"Side Limb Core Lamination Strips, Size: 460(L) x 55(W),  Grade: CRGO M4 0.27mm Thick, Core Losses : <1.1 W/Kg @ 1.7T, 50Hz, As per drawing 2020-49-B02-01",CC-555-,KGS,175.0,metal benchmark (indicative),,,0,175.0
CC-555-00308,"Top Yoke Core Lamination Strips, Size: 225(L) x 55(W),  Grade: CRGO M4 0.27mm Thick, Core Losses : <1.1 W/Kg @ 1.7T, 50Hz, As per drawing 2020-49-B01-01",CC-555-,KGS,175.0,metal benchmark (indicative),,,0,175.0
CC-555-00243,"Yoke Core Lamination Size: 315(L) X 55(W), Material: CRNGO , Grade: M250-35A ( 35H250) , Core Loss: Max 2.5W/Kg @1.5T/50Hz, As Per Drawing 2024-04-B01-01",CC-555-,KGS,175.0,metal benchmark (indicative),,,0,175.0
CC-555-00245,"Yoke Core Lamination Size: 475(L) X 85(W), Material: CRNGO , Grade: M250-35A ( 35H250) , Core Loss: Max 2.5W/Kg @1.5T/50Hz, As Per Drawing 2024-05-B01-01",CC-555-,KGS,175.0,metal benchmark (indicative),,,0,175.0
CC-555-00424,"Yoke Core Lamination Strips, Size : 345(L) x 75(W) mm, Grade : CRGO M3-0.23(T) mm, Core Loss : 0.68W/kg @ 1.5T 50Hz, As per drawing no : 5004-01-B01-02",CC-555-,KGS,265.0,recent PO (age-weighted),265.0,2026-03-02,,175.0
CC-555-00376,"Yoke Core Lamination Strips, Size: 115(L) X 35(W), Grade: CRGO, MOH-0.23 thk MM, Core Loss <1W/Kg@1.7 T, 50Hz, As Per Drawing No: 5020-B01-02",CC-555-,KGS,260.0,recent PO (age-weighted),260.0,2025-09-03,,175.0
CC-555-00237,"Yoke Core Lamination Strips, Size: 125(L) X 25(W), Hole: Ø7MM, 3PLX Grade: CRNO, M310, 0.5MM, Max Core Loss 3.1 W/Kg@1.5 T, 50Hz",CC-555-,KGS,175.0,metal benchmark (indicative),,,0,175.0
CC-555-00348,"Yoke Core Lamination Strips, Size: 250(L) X 50(W), Grade: CRGO,M3, 0.23 thk MM, Max Core Loss 0.68 W/Kg@1.5 T, 50Hz, As per drawing No: 5014-07-00-02",CC-555-,KGS,265.0,recent PO (age-weighted),265.0,2026-01-24,,175.0
CC-555-00402,"Yoke Core Lamination Strips, Size: 255(L) x 55(W), Grade: CRGO-M3, 0.23 thk mm, Max Core Loss 0.68 W/Kg@1.5T, 50Hz, As Per Drawing No: 5005-02-B01-02",CC-555-,KGS,265.0,recent PO (age-weighted),265.0,2025-12-16,,175.0
CC-555-00353,"Yoke Core Lamination Strips, Size: 285(L) X 45(W), Grade: CRGO,M3, 0.23 thk MM, Max Core Loss 0.68 W/Kg@1.5 T, 50Hz, As per drawing No: 5014-02-B01-01",CC-555-,KGS,175.0,metal benchmark (indicative),,,0,175.0
CC-555-00369,"Yoke Core Lamination Strips, Size: 290(L) X 80(W), Grade: CRGO,M3, 0.23 thk MM, Max Core Loss 0.68 W/Kg@1.6 T, 50Hz, As Per Drawing No: 5005-01-00-02",CC-555-,KGS,175.0,metal benchmark (indicative),,,0,175.0
CC-555-00263,"Yoke Core Lamination Strips, Size: 290(L) x 40(W),  Grade: CRGO M4 0.27mm Thick, Core Losses : <1.27 W/Kg @ 1.7T, 50Hz, As per drawing 2020-38-B01-01 & 2020-39-B01-01",CC-555-,KGS,175.0,metal benchmark (indicative),,,0,175.0
CC-555-00274,"Yoke Core Lamination Strips, Size: 300(L) x 40(W),  Grade: CRGO M4 0.27mm Thick, Core Losses : <1.2 W/Kg @ 1.7T, 50Hz, As per drawing 2020-40-B01-01",CC-555-,KGS,175.0,metal benchmark (indicative),,,0,175.0
CC-555-00292,"Yoke Core Lamination Strips, Size: 310(L) x 40(W),  Grade: CRGO M4 0.27mm Thick, Core Losses : <1.27 W/Kg @ 1.7T, 50Hz, As per drawing 2024-07-B01-01",CC-555-,KGS,175.0,metal benchmark (indicative),,,0,175.0
CC-555-00279,"Yoke Core Lamination Strips, Size: 335(L) x 55(W),  Grade: CRGO M4 0.27mm Thick, Core Losses : <1.2 W/Kg @ 1.7T, 50Hz, As per drawing 2020-48-B01-01",CC-555-,KGS,175.0,metal benchmark (indicative),,,0,175.0
CC-555-00281,"Yoke Core Lamination Strips, Size: 335(L) x 55(W),  Grade: CRGO M4 0.27mm Thick, Core Losses : <1.2 W/Kg @ 1.7T, 50Hz, As per drawing 2020-49-B01-01",CC-555-,KGS,175.0,metal benchmark (indicative),,,0,175.0
CC-555-00284,"Yoke Core Lamination Strips, Size: 335(L) x 55(W),  Grade: CRGO M4 0.27mm Thick, Core Losses : <1.2 W/Kg @ 1.7T, 50Hz, As per drawing 2020-50-B01-01",CC-555-,KGS,175.0,metal benchmark (indicative),,,0,175.0
CC-555-00313,"Yoke Core Lamination Strips, Size: 390(L) X 60(W), Grade: CRGO,M3, 0.23 thk MM, Max Core Loss 0.68 W/Kg@1.5 T, 50Hz, As per drawing No: 5017-00-03",CC-555-,KGS,175.0,metal benchmark (indicative),,,0,175.0
CC-555-00317,"Yoke Core Lamination Strips, Size: 400(L) X 70(W), Grade: CRGO,M3, 0.23 thk MM, Max Core Loss 0.68 W/Kg@1.5 T, 50Hz, As per drawing No: 5017-01-00-03",CC-555-,KGS,175.0,metal benchmark (indicative),,,0,175.0
CC-555-00259,"Yoke Core Lamination Strips, Size: 415(L) x 65(W),  Grade: CRGO M4 0.27mm Thick, Core Losses : <1.27 W/Kg @ 1.7T, 50Hz, As per drawing 2020-36-B01-01",CC-555-,KGS,175.0,metal benchmark (indicative),,,0,175.0
CC-555-00288,"Yoke Core Lamination Strips, Size: 450(L) x 70(W),  Grade: CRGO M4 0.27mm Thick, Core Losses : <1.2 W/Kg @ 1.7T, 50Hz, As per drawing 2020-51-B01-01",CC-555-,KGS,175.0,metal benchmark (indicative),,,0,175.0
CC-555-00315,"Yoke Core Lamination Strips, Size: 467(L) X 75(W), Grade: CRGO,M3, 0.23 thk MM, Max Core Loss 0.68 W/Kg@1.5 T, 50Hz, As per drawing No: 5018-00-02",CC-555-,KGS,175.0,metal benchmark (indicative),,,0,175.0
CC-555-00416,"Yoke Core Lamination Strips, Size: 470(L) x 90(W), Grade: CRGO,M3, 0.23 thk mm, Max Core Loss 1.2W/Kg@1.7T, 50Hz, As per drawing No: 5014-05-B01-02",CC-555-,KGS,265.0,recent PO (age-weighted),265.0,2026-02-04,,175.0
CC-555-00346,"Yoke Core Lamination Strips, Size: 525(L) X 75(W), Grade: CRGO,M3, 0.23 thk MM, Max Core Loss 0.68 W/Kg@1.5 T, 50Hz, As per drawing No: 5018-R01-02",CC-555-,KGS,240.31,recent PO (age-weighted),225.0,2026-06-15,0,175.0
CC-555-00255,"Yoke Core Lamination Strips, Size: 555(L) x 105(W),  Grade: CRGO M4 0.27mm Thick, Core Losses : <1.27 W/Kg @ 1.7T, 50Hz, As per drawing 2020-34-B01-01",CC-555-,KGS,175.0,metal benchmark (indicative),,,0,175.0
CC-555-00414,"Yoke Core Lamination Strips, Size: 615(L) x 115(W), Grade: CRGO,M3, 0.23 thk mm, Max Core Loss 1.2W/Kg@1.7T, 50Hz, As per drawing No: 5014-06-B01-02",CC-555-,KGS,265.0,recent PO (age-weighted),265.0,2026-07-31,,175.0
CC-555-00276,"Yoke Core Lamination Strips, Size: 800(L) x 150(W),  Grade: CRGO M4 0.27mm Thick, Core Losses : <1.2 W/Kg @ 1.7T, 50Hz, As per drawing 5015-B01-01",CC-555-,KGS,175.0,metal benchmark (indicative),,,0,175.0
CC-555-00422,"Yoke Core Lamination, Size : 200(L) x 60(W), Grade : CRGO M4-0.27mm Thick, Core Losses : <1.2 W/Kg @ 1.7T, 50Hz, As per drawing No : 5017-02-B01-02",CC-555-,KGS,205.0,recent PO (age-weighted),205.0,2026-02-18,,175.0
CC-555-00442,"Yoke Core Lamination, Size : 260(L) x 50(W)mm, Grade : M3 CRGO-0.23(T)mm, Max Core Loss : 1.1W/kg@1.5T, 50Hz, As Per Drawing No : 5014-10-B01-02",CC-555-,KGS,225.0,recent PO (age-weighted),225.0,2026-04-07,,175.0
CC-555-00438,"Yoke Core Lamination, Size : 332(L) x 60(W)mm, Grade : M3 CRGO-0.23(T)mm, Max Core Loss : 1.1W/kg@1.5T, 50Hz, As Per Drawing No : 5014-08-B01-02",CC-555-,KGS,225.0,recent PO (age-weighted),225.0,2026-04-07,,175.0
CC-555-00400,"Yoke Core Lamination, Size : 390 (L) X 110(W) mm, CRNO Grade: M250-35A, 0.35MM, Core Loss <2.1 W/Kg@1.5 T, 50Hz, As per Drawing No : 2025-01-B01-02",CC-555-,KGS,128.5,recent PO (age-weighted),128.5,2025-12-05,,175.0
CC-555-00009,"Yoke Core Lamination, Size: 245(L) X 80(W),  Material: CRNGO , Grade: M250-35A ( 35CG250) , Core Loss: Max 2.25W/Kg @1.5T/50Hz, As Per Drawing 5001-01-B01-01",CC-555-,KGS,175.0,metal benchmark (indicative),,,0,175.0
CC-555-00108,"Yoke core 220(L) x 40 (W) CRNO 0.25 mm Thick , CORE LOSS : MAX 1.2 W / Kg @ 1.5 T 50Hz ,  Grade: CRNO, 25C1500, As per Drawing No : 5011-01-00-02",CC-555-,KGS,140.33,recent PO (age-weighted),130.0,2026-02-10,0,175.0
CC-555-00111,"Yoke core 305 (L) x 65 (W) CRNO 0.25 mm Thick , CORE LOSS : MAX 1.2 W / Kg @ 1.5 T 50Hz,  Grade: CRNO, 25C1500",CC-555-,KGS,120.0,recent PO (age-weighted),120.0,2025-09-18,0,175.0
CC-555-00137,"Yoke core 505 (L) x 75 (W) CRGO,M4 0.27 mm Thick , CORE LOSS : MAX 1.12 W / Kg @ 1.65 T 50Hz",CC-555-,KGS,175.0,metal benchmark (indicative),,,0,175.0
CC-555-00155," Core Lamination 1 Strips, Size: 200(L) x 65(W) ,Grade: M4, CRGO -0.27mm Thick, Core Loss: Max 0.89w/Kg @ 1.5T, 50Hz",CC-555-,KGS,1575.49,costing formula (live metal),,,0,1386.49
CC-555-00159," Core Lamination 1 Strips, Size: 220(L) x 80(W) ,Grade: M4, CRGO -0.27mm Thick, Core Loss: Max 0.89w/Kg @ 1.5T, 50Hz",CC-555-,KGS,1575.49,costing formula (live metal),,,0,1386.49
CC-555-00160," Core Lamination 2 Strips, Size: 450(L) x 80(W) ,Grade: M4, CRGO -0.27mm Thick, Core Loss: Max 0.89w/Kg @ 1.5T, 50Hz",CC-555-,KGS,1575.49,costing formula (live metal),,,0,1386.49
CC-555-00156," Core Lamination 2 Strips, Size:350(L) x 65(W) ,Grade: M4, CRGO -0.27mm Thick, Core Loss: Max 0.89w/Kg @ 1.5T, 50Hz",CC-555-,KGS,1575.49,costing formula (live metal),,,0,1386.49
CC-555-00154," Core Lamination 3 Strips, Size: 295(L) x 45(W) ,Grade: M4, CRGO -0.27mm Thick, Core Loss: Max 0.89w/Kg @ 1.5T, 50Hz",CC-555-,KGS,1575.49,costing formula (live metal),,,0,1386.49
CC-555-00157," Core Lamination 3 Strips, Size: 335(L) x 65(W) ,Grade: M4, CRGO -0.27mm Thick, Core Loss: Max 0.89w/Kg @ 1.5T, 50Hz",CC-555-,KGS,1575.49,costing formula (live metal),,,0,1386.49
CC-555-00161," Core Lamination 3 Strips, Size: 360(L) x 80(W) ,Grade: M4, CRGO -0.27mm Thick, Core Loss: Max 0.89w/Kg @ 1.5T, 50Hz",CC-555-,KGS,1575.49,costing formula (live metal),,,0,1386.49
CU-222-00161,"CU Rectangular Conductor, Copper Strip 10 X 3 MM, Super Enameled 0.11MM (Finished OD= 10.11 X 3.11 mm)",CU-222-,KGS,1494.22,costing formula (live metal),,,0,1386.49
CU-222-00106,"CU Rectangular Conductor, Copper Strip 8.0 X 2.8 MM, with Enamel 0.11MM.",CU-222-,KGS,1494.22,costing formula (live metal),,,0,1386.49
CU-222-00119,"CU Rectangular Conductor, Copper Strip 8.0 X 3.0 MM, with Enamel 0.11MM.",CU-222-,KGS,1494.22,costing formula (live metal),,,0,1386.49
CU-222-00107,"CU Rectangular Conductor, Copper Strip 8.0 X 3.55 MM, with Enamel 0.11MM.",CU-222-,KGS,1494.22,costing formula (live metal),,,0,1386.49
CU-222-00120,"CU Rectangular Conductor, Copper Strip 8.0 X 4.0 MM, with Enamel 0.11MM.",CU-222-,KGS,1494.22,costing formula (live metal),,,0,1386.49
CU-222-00078,"CU Rectangular Conductor, Copper Strip 8.6 X 2.7 MM, Super Enameled 0.11MM",CU-222-,KGS,1494.22,costing formula (live metal),,,0,1386.49
CU-222-00062,"CU Round Conductor, Copper Wire Ø2.10 MM, (SE) Super Enameled 0.11MM",CU-222-,KGS,1494.22,costing formula (live metal),,,0,1386.49
CU-222-00073,"CU Round Conductor, Copper Wire Ø3.10 MM, Super Enameled 0.11mm",CU-222-,KGS,1494.22,costing formula (live metal),,,0,1386.49
CU-222-00292,Copper Bus Bar 30mm x 5mm,CU-222-,KGS,1469.22,costing formula (live metal),,,0,1386.49
CU-222-00427,"Copper Busbar, ISO-ETP/BS-C101, 100(W) x 12(T) mm",CU-222-,KGS,1405.0,recent PO (age-weighted),1405.0,2026-06-03,,1386.49
CU-222-00254,"Copper Busbar, ISO-ETP/BS-C101, Size: 25(W) X 5(T) mm",CU-222-,KGS,1469.22,costing formula (live metal),,,0,1386.49
CU-222-00256,"Copper Busbar, ISO-ETP/BS-C101, Size: 30(W) X 3(T) mm",CU-222-,KGS,1469.22,costing formula (live metal),,,0,1386.49
CU-222-00255,"Copper Busbar, ISO-ETP/BS-C101, Size: 30(W) X 5(T) mm",CU-222-,KGS,1469.22,costing formula (live metal),,,0,1386.49
CU-222-00253,"Copper Busbar, ISO-ETP/BS-C101, Size: 40(W) X 6(T) mm",CU-222-,KGS,1469.22,costing formula (live metal),,,0,1386.49
CU-222-00425,"Copper Busbar, ISO-ETP/BS-C101, Size: 75(W) x 10(T) x 2000(L) mm",CU-222-,KGS,1412.0,recent PO (age-weighted),1412.0,2026-04-24,,1386.49
CU-222-00419,"Copper Busbar, ISO-ETP/BS-C101, Size: 80(W) x 10(T) x 2000(L) mm",CU-222-,KGS,1469.22,costing formula (live metal),1390.0,2026-03-23,,1386.49
CU-222-00408,"Copper Busbur Flat, 15 (W) X 5 (T) MM",CU-222-,KGS,1494.22,costing formula (live metal),,,,1386.49
CU-222-00074,"Copper Extruded Start Busbar, ISO-ETP/BS-C101, 50(W) X 3(T) mm",CU-222-,KGS,1445.0,recent PO (age-weighted),1445.0,2026-07-04,0,1386.49
CU-222-00094,"Copper Finish Busbar, ISO-ETP / BS -C101, Drawing: 5009-00-05",CU-222-,KGS,1469.22,costing formula (live metal),,,0,1386.49
CU-222-00087,"Copper Flat Busbar (EC), 80 (W) X 6 (T) - 3660 - CU - EC",CU-222-,KGS,1469.22,costing formula (live metal),,,0,1386.49
CU-222-00097,"Copper Flat Busbar, Electrical Grade A6101,Size:60(w)×10(T)",CU-222-,KGS,1469.22,costing formula (live metal),,,0,1386.49
CU-111-00048,"Copper Foil, Size : 420 mm (Width) x 1 mm (Thickness), Grade: ETP",CU-111-,KGS,1502.45,recent PO (age-weighted),1502.45,2026-05-28,,1386.49
CU-111-00007,"Copper Foil, Size: 210 MM (Width) X 1.0 MM Thickness, Grade: ETP",CU-111-,KGS,1575.49,costing formula (live metal),,,,1386.49
CU-111-00049,"Copper Foil, Size: 250mm (Width) x 1mm (Thickness), Grade: ETP",CU-111-,KGS,1575.49,costing formula (live metal),1479.24,2026-07-29,,1386.49
CU-111-00046,"Copper Foil, Size: 260 MM (Width) X 1 MM Thickness, Grade: ETP",CU-111-,KGS,1575.49,costing formula (live metal),,,,1386.49
CU-111-00041,"Copper Foil, Size: 300 MM (Width) X 1.5 MM Thickness, Grade: ETP",CU-111-,KGS,1575.49,costing formula (live metal),,,,1386.49
CU-111-00038,"Copper Foil, Size: 300mm (Width) X 0.35mm (Thickness), Grade: ETP",CU-111-,KGS,1575.49,costing formula (live metal),,,,1386.49
CU-111-00037,"Copper Foil, Size: 300mm (Width) X 0.6mm (Thickness), Grade: ETP",CU-111-,KGS,1575.49,costing formula (live metal),,,,1386.49
CU-111-00047,"Copper Foil, Size: 330(Width) x 0.6(Thickness) mm, Grade: ETP 0 temper",CU-111-,KGS,1575.49,costing formula (live metal),1394.07,2025-12-31,,1386.49
CU-111-00003,"Copper Foil, Size: 350 MM (Width) X 0.4 MM Thickness, Grade: ETP",CU-111-,KGS,1575.49,costing formula (live metal),,,,1386.49
CU-111-00042,"Copper Foil, Size: 350 MM (Width) X 1.5 MM Thickness, Grade: ETP",CU-111-,KGS,1575.49,costing formula (live metal),,,,1386.49
CU-111-00004,"Copper Foil, Size: 356 MM (Width) X 0.5 MM Thickness, Grade: ETP",CU-111-,KGS,1575.49,costing formula (live metal),,,,1386.49
CU-111-00011,"Copper Foil, Size: 356 MM (Width) X 1.0 MM Thickness, Grade: ETP",CU-111-,KGS,1575.49,costing formula (live metal),,,,1386.49
CU-222-00229,"Copper Litz Wire, 3.7mm, 36SWG DCH Insulated Wire, Class H, Non Solderable",CU-222-,KGS,1611.49,costing formula (live metal),,,0,1386.49
CU-222-00149,"Copper Litz Wire, 6.00 Sqmm, 36SWG DCH Insulated Wire, Class H, Non Solderable",CU-222-,KGS,1611.49,costing formula (live metal),,,0,1386.49
CU-222-00093,"Copper Start Busbar, ISO-ETP / BS -C101, Drawing: 5009-00-06",CU-222-,KGS,1469.22,costing formula (live metal),,,0,1386.49
CU-222-00403,"Copper Strip With Fiberglass Covering, As per IS: 13730-Part-31, Size : 9 x 2.8 mm(Bare), With FG 0.3mm, Finished OD : 9.3 x 3.1 mm",CU-222-,KGS,1575.49,costing formula (live metal),1256.96,2025-12-22,,1386.49
CU-222-00405,"Copper Strip With Fiberglass Covering, As per IS: 13730-Part-31, Size : 9 x 3 mm(Bare), With FG 0.3mm, Finished OD : 9.3 x 3.3 mm",CU-222-,KGS,1575.49,costing formula (live metal),1000.0,2025-12-16,,1386.49
CU-222-00176,"Copper Strip With Fiberglass Covering, As per IS: 13730-Part-32, Size: 4 X 1.8 FG 0.3 MM (Finished OD=4.3 x 2.1 mm)",CU-222-,KGS,1575.49,costing formula (live metal),,,0,1386.49
CU-222-00323,"Copper Strip, As per IS 13730 | IEC 60317 | Part - 28 Class-180, Size: 10.8 x 3 Enamelled 0.12 MM (Finished OD= 10.92 x 3.12)",CU-222-,KGS,1575.49,costing formula (live metal),,,0,1386.49
CU-222-00258,"Copper Strip, As per IS 13730 | IEC 60317 | Part - 28 Class-180, Size: 9 x 3 Enamelled 0.12 MM (Finished OD= 9.12 x 3.12)",CU-222-,KGS,1575.49,costing formula (live metal),,,0,1386.49
CU-222-00257,"Copper Strip, As per IS 13730 | IEC 60317 | Part - 28 Class-180, Size: 9.5 x 2.9 Enamelled 0.12 MM (Finished OD= 9.62 x 3.02)",CU-222-,KGS,1575.49,costing formula (live metal),,,0,1386.49
CU-222-00169,"Copper Strip, As per IS 13730 | IEC 60317 | Part - 8 Class-H Size:  5.7 x 2.3 Enamelled 0.11 MM (Finished OD=5.81 x 2.41)",CU-222-,KGS,1575.49,costing formula (live metal),1370.0,2026-02-03,0,1386.49
CU-222-00035,"Copper Strip, As per IS:13730-Part-27, Class-A, Size: 10 X 3.35, PC 0.6 MM Kraft Paper Covering",CU-222-,KGS,1575.49,costing formula (live metal),,,0,1386.49
CU-222-00095,"Copper Strip, As per IS:13730-Part-27, Class-A, Size: 14.0 X 2.0, PC 0.6 MM Kraft Paper Covering",CU-222-,KGS,1575.49,costing formula (live metal),,,0,1386.49
CU-222-00096,"Copper Strip, As per IS:13730-Part-27, Class-A, Size: 7.5 X 3.55, PC 0.8 MM Kraft Paper Covering",CU-222-,KGS,1575.49,costing formula (live metal),,,0,1386.49
CU-222-00034,"Copper Strip, As per IS:13730-Part-27, Class-A, Size: 9.8 X 2.5, PC 0.5 MM Kraft Paper Covering",CU-222-,KGS,1575.49,costing formula (live metal),,,0,1386.49
CU-222-00036,"Copper Strip, As per IS:13730-Part-27, Class-A, Size: 9.8 X 2.55, PC 0.8 MM Kraft Paper Covering",CU-222-,KGS,1575.49,costing formula (live metal),,,0,1386.49
CU-222-00037,"Copper Strip, As per IS:13730-Part-27, Class-A, Size: 9.8 X 3.0, PC 0.8 MM Kraft Paper Covering",CU-222-,KGS,1575.49,costing formula (live metal),,,0,1386.49
CU-222-00343,"Copper Wire - 28 SWG, Class F-155,IS:13730 Part-3",CU-222-,KGS,1611.49,costing formula (live metal),,,0,1386.49
CU-222-00342,"Copper Wire - 32 SWG, Class F-155,IS:13730 Part-3",CU-222-,KGS,1611.49,costing formula (live metal),,,0,1386.49
CH-303-00012,Copper Wire Enamel Remover Chemical,CH-303-,KGS,1611.49,costing formula (live metal),370.0,2026-07-10,,1386.49
CU-222-00133,"Copper Wire Ø0.31 MM, Super Enameled 0.1mm (Finished OD=0.41MM)",CU-222-,KGS,1611.49,costing formula (live metal),,,0,1386.49
CU-222-00160,"Copper Wire Ø0.315 MM, Super Enameled 0.052mm (Finished OD=0.367MM), Grade 2",CU-222-,KGS,1611.49,costing formula (live metal),,,0,1386.49
CU-222-00134,"Copper Wire Ø1.08 MM, Super Enameled 0.1mm (Finished OD=1.18MM)",CU-222-,KGS,1611.49,costing formula (live metal),,,0,1386.49
CU-222-00121,"Copper Wire Ø2.18 MM, Polyester-amide-imide (Polyamide-imide) 0.1MM, ANSI Type: MW 35, 200°C",CU-222-,KGS,1611.49,costing formula (live metal),1302.0,2026-04-06,,1386.49
CU-222-00410,"Copper Wire, As per IS 13730 | IEC60317 |Part-8 , Class-180, Size: Dia 0.173 Enamelled 0.024 (Finished OD=0.197mm) (37 SWG)",CU-222-,KGS,1611.49,costing formula (live metal),1434.5,2026-01-08,,1386.49
CU-222-00200,"Copper Wire, As per IS 13730 | IEC60317 |Part-8 , Class-180, Size: Dia 0.45 Enamelled 0.06 (Finished OD=0.51mm)",CU-222-,KGS,1611.49,costing formula (live metal),,,0,1386.49
CU-222-00429,"Copper Wire, As per IS 13730 | IEC60317 |Part-8 , Class-180, Size: Dia 0.559 Enamelled 0.07 (Finished OD=0.629mm) (24 SWG)",CU-222-,KGS,1611.49,costing formula (live metal),1492.0,2026-06-29,,1386.49
CU-222-00440,"Copper Wire, As per IS 13730 | IEC60317 |Part-8 , Class-180, Size: Dia 0.711 Enamelled 0.08 (Finished OD=0.791mm) (22 SWG)",CU-222-,KGS,1539.97,recent PO (age-weighted),1569.04,2026-07-25,,1386.49
CU-222-00402,"Copper Wire, As per IS 13730 | IEC60317 |Part-8 , Class-180, Size: Dia 0.82 Enamelled 0.05 (Finished OD=0.87mm)",CU-222-,KGS,1540.0,recent PO (age-weighted),1540.0,2026-06-11,,1386.49
CU-222-00390,"Copper Wire, As per IS 13730 | IEC60317 |Part-8 , Class-180, Size: Dia 1 Enamelled 0.08 (Finished OD=1.08mm)",CU-222-,KGS,1611.49,costing formula (live metal),,,,1386.49
CU-222-00262,"Copper Wire, As per IS 13730 | IEC60317 |Part-8 , Class-180, Size: Dia 1.2 Enamelled 0.12 (Finished OD=1.32mm)",CU-222-,KGS,1611.49,costing formula (live metal),,,0,1386.49
CU-222-00409,"Copper Wire, As per IS 13730 | IEC60317 |Part-8 , Class-180, Size: Dia 1.219 Enamelled 0.066 (Finished OD=1.285mm) (18 SWG)",CU-222-,KGS,1611.49,costing formula (live metal),1380.0,2026-04-11,,1386.49
CU-222-00298,"Copper Wire, As per IS 13730 | IEC60317 |Part-8 , Class-180, Size: Dia 2.33 Enamelled 0.12 ",CU-222-,KGS,1611.49,costing formula (live metal),,,0,1386.49
WB-606-00016,Cu Brazing Rod Ø2.5mm with 0% Silver Content,WB-606-,KGS,1494.22,costing formula (live metal),,,0,1386.49
WB-606-00011,Cu Brazing Rod Ø3mm with 0% Silver Content,WB-606-,KGS,1494.22,costing formula (live metal),,,0,1386.49
WB-606-00001,Cu Brazing Rod Ø3mm with 14% Silver Content,WB-606-,KGS,1494.22,costing formula (live metal),,,0,1386.49
CU-222-00127,"Dual Coated Polyimide-amide Super Enameled Copper Wire, As per IS:13730-Part29- Class-200 (H), Size: Ø2.82 MM, SE-PIA 0.1 MM,Fineshed OD:2.9mm",CU-222-,KGS,1611.49,costing formula (live metal),,,0,1386.49
CU-222-00180,Enamelled Copper Round Wire 22MP,CU-222-,KGS,1611.49,costing formula (live metal),,,0,1386.49
CU-222-00366,Enamelled Copper Wire 16 SWG,CU-222-,KGS,1611.49,costing formula (live metal),,,0,1386.49
CMP-444-00439,"FG Corner Section, Class H, Size: 10(H) X 10(W) X 2500 (L) MM",CMP-444-,KGS,1494.22,costing formula (live metal),,,0,1386.49
CMP-444-00449,"FG Corner Section, Class H, Size: 10(H) X 10(W) X 2500 (L) MM, White Colour.",CMP-444-,KGS,1494.22,costing formula (live metal),,,0,1386.49
CMP-444-00434,"FG Corner Section, Class H, Size: 8(H) X 8(W) X 2500 (L) MM",CMP-444-,KGS,1494.22,costing formula (live metal),,,0,1386.49
CMP-444-00415,"FG Dog Bone Sticks,Class H, Size: 12(H) X 16(W) X 2500 (L) MM, Green Colour.",CMP-444-,KGS,1494.22,costing formula (live metal),,,0,1386.49
CMP-444-00438,"FG Dog Bone, Class H, Size: 6(H) X 8(W) X 2500 (L) MM",CMP-444-,KGS,1494.22,costing formula (live metal),,,0,1386.49
CMP-444-00235,"FG Sheet, Grade: GPO3, 3 MM (Thickness), Size: 180(L) x 45(W) x 3(T) mm.",CMP-444-,KGS,1494.22,costing formula (live metal),,,0,1386.49
CMP-444-00435,"FG Sheet, Grade: GPO3, 3 mm(T)",CMP-444-,KGS,1494.22,costing formula (live metal),,,0,1386.49
CC-555-00266,"Limb Core Lamination Strips, Size: 41.5(L) x 80(W),  Grade: M-OH 0.23, Losses: <0.93W/Kg, @1.7T/50Hz, As per drawing no: 5003-B02-01.",CC-555-,KGS,1575.49,costing formula (live metal),,,0,1386.49
WB-606-00025,"Mig Copper Welding Wire, Ø1 mm",WB-606-,KGS,1611.49,costing formula (live metal),1200.0,2026-02-03,,1386.49
INS-666-00239,NPN Class H 0.13(T) X 40(W) mm,INS-666-,KGS,1494.22,costing formula (live metal),,,0,1386.49
INS-666-00109,"NPN, 3 Mil  Class F, 0.08 (T) X 75 (W) mm",INS-666-,KGS,1494.22,costing formula (live metal),,,0,1386.49
INS-666-00221,"NPN, 5mil  Class F, 0.13 (T) X 140 (W) mm",INS-666-,KGS,1494.22,costing formula (live metal),,,0,1386.49
INS-666-00162,"NPN, 5mil  Class F, 0.13 (T) X 330 (W) mm",INS-666-,KGS,1494.22,costing formula (live metal),,,0,1386.49
INS-666-00170,"NPN, 5mil  Class F, 0.13 (T) X 415 (W) mm",INS-666-,KGS,1494.22,costing formula (live metal),,,0,1386.49
INS-666-00227,"NPN, 5mil  Class F, 0.13 (T) X 420 (W) mm",INS-666-,KGS,1494.22,costing formula (live metal),,,0,1386.49
INS-666-00230,"NPN, 5mil  Class H, 0.13 (T) X 315 (W) mm",INS-666-,KGS,1494.22,costing formula (live metal),,,0,1386.49
INS-666-00231,"NPN, 5mil  Class H, 0.13 (T) X 365 (W) mm",INS-666-,KGS,1494.22,costing formula (live metal),,,0,1386.49
CU-222-00168,"Super Enameled Copper Wire, As per IS:13730-Part29- Class-200 (H), Size: Ø1.016 MM, SE-PIA 0.09 MM , Finished OD:1.106 MM, 19 SWG ",CU-222-,KGS,1611.49,costing formula (live metal),,,0,1386.49
CC-555-00265,"Yoke Core Lamination Strips, Size: 380(L) x 80(W),  Grade: M-OH 0.23, Losses: <0.93W/Kg, @1.7T/50Hz, As per drawing no: 5003-B01-01.",CC-555-,KGS,1575.49,costing formula (live metal),,,0,1386.49
CU-222-00327,copper bus bar 30 X 8 mm,CU-222-,KGS,1469.22,costing formula (live metal),,,0,1386.49
PRD-SPL-00537,6MM Mild Steel Link Chain,PRD-SPL-,KGS,105.0,recent PO (age-weighted),105.0,2026-07-28,,62.0
CF-555-00056,"Base Plate, 100 KVA, MS, Size: 390 X 60 X 8 MM As Per Drawing",CF-555-,KGS,62.0,metal benchmark (indicative),,,0,62.0
CF-555-00052,"Base Plate, 63KVA, MS, Size: 370 X 50 X 8 MM As Per Drawing",CF-555-,KGS,62.0,metal benchmark (indicative),,,0,62.0
CF-555-00055,"Bottom Channel, 100 KVA, MS ISMC, Size: 1045 X 100 X 50 MM As Per Drawing",CF-555-,KGS,62.0,metal benchmark (indicative),,,0,62.0
CF-555-00046,"Bottom Channel, 25 KVA, MS ISMC, Size: 765 X 75 X 40 MM As Per Drawing",CF-555-,KGS,62.0,metal benchmark (indicative),,,0,62.0
CF-555-00050,"Bottom Channel, 63 KVA, MS ISMC, Size: 960 X 75 X 40 MM As Per Drawing",CF-555-,KGS,62.0,metal benchmark (indicative),,,0,62.0
CC-555-00126,"CRNO Lamination Strips, Type 16 CRNO 0.5 mm ",CC-555-,KGS,62.0,metal benchmark (indicative),,,0,62.0
CC-555-00124,"CRNO Lamination Strips, Type 3 CRNO 0.35 mm ",CC-555-,KGS,62.0,metal benchmark (indicative),,,0,62.0
CC-555-00125,"CRNO Lamination Strips, Type 33 CRNO 0.5 mm ",CC-555-,KGS,62.0,metal benchmark (indicative),,,0,62.0
CC-555-00203,"CRNO Lamination-1 Strips, Size: 125(L) X 70(W), Hole: Ø14MM, Grade: 0.25MM, CRNO-Max Core Loss 0.83 W/Kg@1.5 T, 50Hz.",CC-555-,KGS,62.0,metal benchmark (indicative),,,0,62.0
CC-555-00037,"CRNO Lamination-1, Grade: M250-35A, 0.35MM, Strip Size: 115(L) X 50(W), SH  1PLX, Hole: Ø11MM  Max Core Loss 2.5 W/Kg@1.5 T, 50Hz ",CC-555-,KGS,62.0,metal benchmark (indicative),,,0,62.0
CC-555-00204,"CRNO Lamination-2 Strips, Size: 290(L) X 70(W), Hole: Ø14MM, Grade: 0.25MM, CRNO-Max Core Loss 0.83 W/Kg@1.5 T, 50Hz.",CC-555-,KGS,62.0,metal benchmark (indicative),,,0,62.0
CC-555-00051,"CRNO Lamination-2, Grade: M250-35A, 0.35MM,Strip Size: 180(L) X 50(W),  MH  1PLX, Hole: Ø11MM Max Core Loss 2.5 W/Kg@1.5 T, 50Hz ",CC-555-,KGS,62.0,metal benchmark (indicative),,,0,62.0
CC-555-00205,"CRNO Lamination-3 Strips, Size: 180(L) X 70(W), Hole: Ø14MM, Grade: 0.25MM, CRNO-Max Core Loss 0.83 W/Kg@1.5 T, 50Hz.",CC-555-,KGS,62.0,metal benchmark (indicative),,,0,62.0
CC-555-00052,"CRNO Lamination-3, Grade: M250-35A, 0.35MM,Strip Size: 225(L) X 50(W),  SH  1PLX, Hole: Ø11MM, Max Core Loss 2.5 W/Kg@1.5 T, 50Hz ",CC-555-,KGS,62.0,metal benchmark (indicative),,,0,62.0
CC-555-00462,"Core E & I Lamination, 1 - Phase, Type 120, CRNO Grade : M250-35A, 0.35(T)mm, Max Core Loss <2.7W/Kg@1.5T, 50Hz, As Per Drawing No : 2037-00-02",CC-555-,KGS,62.0,metal benchmark (indicative),,,,62.0
CC-555-00461,"Core E & I Lamination, 1 - Phase, Type 43, CRNO Grade : M250-35A, 0.35(T)mm, Max Core Loss <2.7W/Kg@1.5T, 50Hz, As Per Drawing No : 2023-07-00-02",CC-555-,KGS,135.0,recent PO (age-weighted),135.0,2026-06-18,,62.0
CC-555-00318,"Core E & I Lamination, 3 - Phase, Type 200, CRNO Grade : M210-35A, 0.35mm, Max Core Loss <2.1 W/Kg@1.5T, 50Hz, As Per Drawing No : 2012-15-00-02",CC-555-,KGS,155.0,recent PO (age-weighted),155.0,2026-07-30,0,62.0
CC-555-00472,"Core E & I Lamination, 3 - Phase, Type 43 TP, CRNO Grade : M210-35A, 0.35mm, Max Core Loss <2.1 W/Kg@1.5T, 50Hz, As Per Drawing No : 2036-03-00-02",CC-555-,KGS,147.0,recent PO (age-weighted),147.0,2026-08-05,,62.0
CC-555-00460,"Core E & I Lamination, 3 - Phase, Type 8B TP, CRNO Grade : M250-35A, 0.35(T)mm, Max Core Loss <2.7W/Kg@1.5T, 50Hz, As Per Drawing No : 2025-02-00-02",CC-555-,KGS,170.0,recent PO (age-weighted),170.0,2026-06-18,,62.0
CC-555-00459,"Core E & I Lamination, 3 - Phase, Type 8B TP, CRNO Grade : M250-35A, 0.35(T)mm, Max Core Loss <2.7W/Kg@1.5T, 50Hz, As Per Drawing No : 2025-03-00-02",CC-555-,KGS,168.87,recent PO (age-weighted),168.0,2026-07-21,,62.0
CC-555-00291,"Core E Lamination 1Ph Type 300, CRNO Grade: M210-35A, 0.35MM, Max Core Loss 2.5 W/Kg@1.5 T, 50Hz, As per drawing No: 2021-07-B01-01",CC-555-,KGS,62.0,metal benchmark (indicative),,,0,62.0
CC-555-00319,"Core E Lamination Strips 1PH TY 180 (RC2016-01), CRNO Grade: 0.25MM, Max Core Loss 2.1 W/Kg@1.5 T, 50Hz, As per drawing No: 2016-01-01-04.",CC-555-,KGS,62.0,metal benchmark (indicative),,,0,62.0
CC-555-00332,"Core E Lamination Strips 1PH TY 180,  CRNO Grade: M360, 0.5 (T) MM, Max Core Loss 3.6 W/Kg@1.5 T, 50Hz",CC-555-,KGS,62.0,metal benchmark (indicative),,,0,62.0
CC-555-00334,"Core E&I Lamination 3 - Ph Type 150, CRNO Grade: M250-35A, 0.35MM, Max Core Loss 2.5 W/Kg@1.5 T, 50Hz, As per Drawaing No :  2026-00-02.",CC-555-,KGS,62.0,metal benchmark (indicative),,,0,62.0
CC-555-00074,"Core E&I Lamination Strips 1PH TY 180 (RC2016-01), CRNO Grade: M250-35A, 0.35MM, Max Core Loss 2.5 W/Kg@1.5 T, 50Hz",CC-555-,KGS,62.0,metal benchmark (indicative),,,0,62.0
CC-555-00163,"Core E&I Lamination Strips 1PH TY EI-133.2 CRNO Grade: M310, 0.5mm(T) , Max Core Loss 3.1 W/Kg@1.5 T, 50Hz",CC-555-,KGS,62.0,metal benchmark (indicative),,,0,62.0
CC-555-00213,"Core E&I Lamination Strips 1PH TY120, CRNO Grade: M360, 0.35 (T) MM, Max Core Loss 3.6 W/Kg@1.5 T, 50Hz ",CC-555-,KGS,62.0,metal benchmark (indicative),,,0,62.0
CC-555-00212,"Core E&I Lamination Strips 1PH TY120, CRNO Grade: M360, 0.5 (T) MM, Max Core Loss 3.6 W/Kg@1.5 T, 50Hz",CC-555-,KGS,62.0,metal benchmark (indicative),,,0,62.0
CC-555-00075,"Core E&I Lamination Strips 1PH TY15 (RC2017-01) CRNO Grade: M310-50A, 0.5MM, Max Core Loss 3.1 W/Kg@1.5 T, 50Hz as per drg.No:2017-01-00-02",CC-555-,KGS,62.0,metal benchmark (indicative),,,0,62.0
CC-555-00329,"Core E&I Lamination Strips 1PH TY180, CRNO Grade: M360, 0.5 (T) MM, Max Core Loss 3.6 W/Kg@1.5 T, 50Hz.",CC-555-,KGS,125.0,recent PO (age-weighted),125.0,2025-09-29,0,62.0
CC-555-00076,"Core E&I Lamination Strips 1PH TY33 (RC2017-02) CRNO Grade: M310-50A, 0.5MM, Max Core Loss 3.1 W/Kg@1.5 T, 50Hz as per drawing No:2017-02-00-02",CC-555-,KGS,62.0,metal benchmark (indicative),,,0,62.0
CC-555-00038,"Core E&I Lamination Strips 1PH TY43 (RC2012-05), CRNO Grade: M250-35A, 0.35MM, Max Core Loss 2.2 W/Kg@1.5 T, 50Hz",CC-555-,KGS,135.0,recent PO (age-weighted),135.0,2026-01-28,0,62.0
CC-555-00066,"Core E&I Lamination Strips 1PH TY43 (RC2012-06 & 07), CRNO Grade: M310-50A, 0.5MM, Max Core Loss 3.1 W/Kg@1.5 T, 50Hz",CC-555-,KGS,124.0,recent PO (age-weighted),124.0,2026-03-10,0,62.0
CC-555-00053,"Core E&I Lamination Strips 1PH TY43 (RC5007-00), CRNO Grade: 50C600, 0.5MM, Max Core Loss 4.9 W/Kg@1.5 T, 50Hz",CC-555-,KGS,62.0,metal benchmark (indicative),,,0,62.0
CC-555-00158,"Core E&I Lamination Strips 1PH TY43, CRNO Grade: M360, 0.5 (T) MM, Max Core Loss 3.6 W/Kg@1.5 T, 50Hz",CC-555-,KGS,62.0,metal benchmark (indicative),,,0,62.0
CC-555-00077,"Core E&I Lamination Strips 3PH Type 43TP (RC2012-04-02) CRNO Grade: M310- 0.5MM, Max Core Loss 3.1 W/Kg@1.5 T, 50Hz as per drawing No:2014-04-02-04",CC-555-,KGS,62.0,metal benchmark (indicative),,,0,62.0
CC-555-00113,"Core E&I Lamination TY3, 1PH M350 0.5 Thick CRNO,  Max Core Loss 3.5 W/Kg@1.5 T, 50Hz",CC-555-,KGS,62.0,metal benchmark (indicative),,,0,62.0
CC-555-00162,"Core E&I Lamination TY3, 1PH M360 0.5 Thick CRNO,  Max Core Loss 3.6 W/Kg@1.5 T, 50Hz",CC-555-,KGS,62.0,metal benchmark (indicative),,,0,62.0
CC-555-00287,"Core I Lamination 1Ph Type 300, CRNO Grade: M210-35A, 0.35MM, Max Core Loss 2.5 W/Kg@1.5 T, 50Hz, As per drawing No: 2021-07-B02-01",CC-555-,KGS,62.0,metal benchmark (indicative),,,0,62.0
CC-555-00320,"Core I Lamination Strips 1PH TY 180 (RC2016-01), CRNO Grade: 0.25MM, Max Core Loss 2.1 W/Kg@1.5 T, 50Hz, As per drawing No: 2016-01-01-04.",CC-555-,KGS,62.0,metal benchmark (indicative),,,0,62.0
CC-555-00333,"Core I Lamination Strips 1PH TY 180,  CRNO Grade: M360, 0.5 (T) MM, Max Core Loss 3.6 W/Kg@1.5 T, 50Hz",CC-555-,KGS,62.0,metal benchmark (indicative),,,0,62.0
CC-555-00322,"Core Lamination 1 Size: 135(L) X 45(W), CRNO Grade: M210-35A, 0.35MM, Max Core Loss <2.1 W/Kg@1.5 T, 50Hz, As per drawing No: 2012-10-00-02",CC-555-,KGS,62.0,metal benchmark (indicative),,,0,62.0
CC-555-00339,"Core Lamination 1, Size : 240(L) x 80(W) mm, CRNO Grade: M250-35A, 0.35MM, Max Core Loss 2.5 W/Kg@1.5 T, 50Hz, As Per Drawing No : 2023-05-B01-02",CC-555-,KGS,128.5,recent PO (age-weighted),128.5,2025-10-30,,62.0
CC-555-00463,"Core Lamination 1, Size : 250(L) x 60(W) mm, CRNO Grade: M250-35A, 0.35mm, Max Core Loss 2.5W/Kg@1.5T, 50Hz, As Per Drawing No : 2027-01-B01-02",CC-555-,KGS,135.0,recent PO (age-weighted),135.0,2026-07-01,,62.0
CC-555-00336,"Core Lamination 1, Size : 280(L) x 70(W) mm, CRNO Grade: M250-35A, 0.35MM, Max Core Loss 2.5 W/Kg@1.5 T, 50Hz, As Per Drawing No : 2023-04-B01-02",CC-555-,KGS,128.5,recent PO (age-weighted),128.5,2025-10-30,0,62.0
CC-555-00323,"Core Lamination 2 Size: 145(L) X 45(W), CRNO Grade: M210-35A, 0.35MM, Max Core Loss <2.1 W/Kg@1.5 T, 50Hz, As per drawing No: 2012-10-00-02",CC-555-,KGS,62.0,metal benchmark (indicative),,,0,62.0
CC-555-00351,"Core Lamination 2, Size : 120(L) x 60(W) mm, CRNO Grade: M250-35A, 0.35mm, Max Core Loss 2.5 W/Kg@1.5 T, 50Hz, As per Drawing No : 2023-03-B02-02",CC-555-,KGS,128.5,recent PO (age-weighted),128.5,2025-10-30,0,62.0
CC-555-00335,"Core Lamination 2, Size : 210(L) x 70(W) mm, CRNO Grade: M250-35A, 0.35MM, Max Core Loss 2.5 W/Kg@1.5 T, 50Hz, As Per Drawing No : 2023-04-B02-02",CC-555-,KGS,128.5,recent PO (age-weighted),128.5,2025-10-30,0,62.0
CC-555-00340,"Core Lamination 2, Size : 320(L) x 80(W) mm, CRNO Grade: M250-35A, 0.35MM, Max Core Loss 2.5 W/Kg@1.5 T, 50Hz, As Per Drawing No : 2023-05-B02-02",CC-555-,KGS,128.5,recent PO (age-weighted),128.5,2025-10-30,,62.0
CC-555-00464,"Core Lamination 2, Size : 440(L) x 60(W) mm, CRNO Grade: M250-35A, 0.35mm, Max Core Loss 2.5W/Kg@1.5T, 50Hz, As Per Drawing No : 2027-01-B02-02",CC-555-,KGS,135.0,recent PO (age-weighted),135.0,2026-07-01,,62.0
CC-555-00324,"Core Lamination 3 Size: 90(L) X 45(W), CRNO Grade: M210-35A, 0.35MM, Max Core Loss <2.1 W/Kg@1.5 T, 50Hz, As per drawing No: 2012-10-00-02",CC-555-,KGS,62.0,metal benchmark (indicative),,,0,62.0
CC-555-00337,"Core Lamination 3, Size : 140(L) x 70(W) mm, CRNO Grade: M250-35A, 0.35MM, Max Core Loss 2.5 W/Kg@1.5 T, 50Hz, As Per Drawing No : 2023-04-B03-02",CC-555-,KGS,128.5,recent PO (age-weighted),128.5,2025-10-30,0,62.0
CC-555-00352,"Core Lamination 3, Size : 180(L) X 60(W) mm, CRNO Grade: M250-35A, 0.35mm, Max Core Loss 2.5 W/Kg@1.5 T, 50Hz, As per Drawing No : 2023-03-B03-02",CC-555-,KGS,128.5,recent PO (age-weighted),128.5,2025-10-30,0,62.0
CC-555-00465,"Core Lamination 3, Size : 290(L) x 60(W) mm, CRNO Grade: M250-35A, 0.35mm, Max Core Loss 2.5W/Kg@1.5T, 50Hz, As Per Drawing No : 2027-01-B03-02",CC-555-,KGS,135.0,recent PO (age-weighted),135.0,2026-07-01,,62.0
CC-555-00435,"Core Lamination Size: 60(W), Grade:CRNO,50C470, Coating C5L/C3L, 0.5thk MM, Max Core Loss 4.7 W/Kg@1.5 T,50Hz",CC-555-,KGS,90.25,recent PO (age-weighted),90.25,2026-03-27,,62.0
CC-555-00476,"Core Lamination Strips-1, Size : 195(L) x 85(W), Grade : CRNO, M250-35A, 0.35(T) mm, Max Core Loss : 2.7W/kg@1.5T, 50Hz, As Per Drawing No : 2035-04-B01-02",CC-555-,KGS,140.0,recent PO (age-weighted),140.0,2026-08-12,,62.0
CC-555-00477,"Core Lamination Strips-2, Size : 305(L) x 85(W), Grade : CRNO, M250-35A, 0.35(T) mm, Max Core Loss : 2.7W/kg@1.5T, 50Hz, As Per Drawing No : 2035-04-B02-02",CC-555-,KGS,140.0,recent PO (age-weighted),140.0,2026-08-12,,62.0
CC-555-00478,"Core Lamination Strips-3, Size : 430(L) x 85(W), Grade : CRNO, M250-35A, 0.35(T) mm, Max Core Loss : 2.7W/kg@1.5T, 50Hz, As Per Drawing No : 2035-04-B03-02",CC-555-,KGS,140.0,recent PO (age-weighted),140.0,2026-08-12,,62.0
CC-555-00114,"Lamination 1, Size:105 (L) x 40 (W) x 0.5 (T)  CRNO , Grade:360, Max 3.6W/kg @ 1.5T, 50Hz",CC-555-,KGS,62.0,metal benchmark (indicative),,,0,62.0
CC-555-00127,"Lamination 1, Size:115 (L) x 50 (W) x 0.5 (T)  CRNO , Grade:360, Max 3.6W/kg @ 1.5T, 50Hz",CC-555-,KGS,62.0,metal benchmark (indicative),,,0,62.0
CC-555-00118,"Lamination 1, Size:120 (L) x 50 (W) x 0.5 (T)  CRNO , Grade:360, Max 3.6W/kg @ 1.5T, 50Hz",CC-555-,KGS,96.0,recent PO (age-weighted),96.0,2026-02-03,0,62.0
CC-555-00115,"Lamination 2, Size:200 (L) x 40 (W) x 0.5 (T)  CRNO , Grade:360, Max 3.6W/kg @ 1.5T, 50Hz",CC-555-,KGS,62.0,metal benchmark (indicative),,,0,62.0
CC-555-00119,"Lamination 2, Size:210 (L) x 50 (W) x 0.5 (T)  CRNO , Grade:360, Max 3.6W/kg @ 1.5T, 50Hz",CC-555-,KGS,62.0,metal benchmark (indicative),,,0,62.0
CC-555-00128,"Lamination 2, Size:230 (L) x 50 (W) x 0.5 (T)  CRNO , Grade:360, Max 3.6W/kg @ 1.5T, 50Hz",CC-555-,KGS,62.0,metal benchmark (indicative),,,0,62.0
CC-555-00116,"Lamination 3, Size:170 (L) x 40 (W) x 0.5 (T)  CRNO , Grade:360, Max 3.6W/kg @ 1.5T, 50Hz",CC-555-,KGS,62.0,metal benchmark (indicative),,,0,62.0
CC-555-00129,"Lamination 3, Size:180(L) x 50 (W) x 0.5 (T)  CRNO , Grade:360, Max 3.6W/kg @ 1.5T, 50Hz",CC-555-,KGS,62.0,metal benchmark (indicative),,,0,62.0
CC-555-00120,"Lamination 3, Size:190 (L) x 50 (W) x 0.5 (T)  CRNO , Grade:360, Max 3.6W/kg @ 1.5T, 50Hz",CC-555-,KGS,96.0,recent PO (age-weighted),96.0,2026-02-03,0,62.0
CC-555-00345,"Limb Core Lamination Strips, Size: 50(L) X 40(W), Grade: CRNO 0.35 thk MM, Max Core Loss <2.1 W/Kg@1.5 T, 50Hz, As per drawing No: 5019-01-00-02",CC-555-,KGS,130.0,recent PO (age-weighted),130.0,27/06/2025,0,62.0
CC-555-00405,"Limb Core Lamination Strips, Size: 51(L) x 45(W),  Grade: CRNO, M250-35A, 0.35MM, Core Loss <2.1 W/Kg@1.5 T, 50Hz, As Per Drawing No: 5005-03-B02-02",CC-555-,KGS,130.0,recent PO (age-weighted),130.0,2025-12-16,,62.0
CC-555-00330,"Limb Core Lamination Strips, Size: 53(L) X 40(W), Grade: CRNO 0.35 thk MM, Max Core Loss <2.1 W/Kg@1.5 T, 50Hz, As per drawing No: 5019-00-02",CC-555-,KGS,62.0,metal benchmark (indicative),,,0,62.0
CC-555-00062,"Limb Core Lamination Strips, Size: 68(L) X 50(W), Grade: CRNO, M310, 0.5MM, Max Core Loss 3.1 W/Kg@1.5 T, 50Hz",CC-555-,KGS,62.0,metal benchmark (indicative),,,0,62.0
CC-555-00170,"Limb Core Lamination Strips, Size: 75(L) X 70(W), Grade: CRNO, 0.25MM, Max Core Loss 0.83 W/Kg@1.5 T, 50Hz",CC-555-,KGS,62.0,metal benchmark (indicative),,,0,62.0
CC-555-00467,"Limb Core Lamination, Size : 30(L) x 60(W) mm, CRNO Grade: M250-35A, 0.35mm, Max Core Loss 2.5W/Kg@1.5T, 50Hz, As Per Drawing No : 2027-01-B02-03",CC-555-,KGS,135.0,recent PO (age-weighted),135.0,2026-07-01,,62.0
CC-555-00437,"Limb Core Lamination, Size : 44(L) x 50(W)mm, CRNO Grade : 0.35mm, Max Core Loss 2.7W/kg@1.5T, 50Hz, As Per Drawing No : 5014-09-B02-02",CC-555-,KGS,132.0,recent PO (age-weighted),132.0,2026-04-07,,62.0
CC-555-00480,"Limb Core Lamination, Size : 44(L) x 65(W) mm, CRNO Grade: M250-35A, 0.35mm, Max Core Loss 2.7W/Kg@1.5T, 50Hz, As Per Drawing No : 5018-02-B02-02",CC-555-,KGS,62.0,metal benchmark (indicative),,,,62.0
CC-555-00482,"Limb Core Lamination, Size : 45(L) x 80(W) mm, CRNO Grade: M250-35A, 0.35mm, Max Core Loss 2.7W/Kg@1.5T, 50Hz, As Per Drawing No : 5023-B02-02",CC-555-,KGS,62.0,metal benchmark (indicative),,,,62.0
CC-555-00441,"Limb Core Lamination, Size : 59(L) x 50(W)mm, CRNO Grade : 0.35mm, Max Core Loss : 2.7W/kg@1.5T, 50Hz, As Per Drawing No : 5014-11-B02-02",CC-555-,KGS,132.0,recent PO (age-weighted),132.0,2026-04-07,,62.0
CC-555-00168,"Limb Core Size : 46(L) x 55(W),  CRNO 0.35 mm Thick , Core Loss : < 1.3 W / Kg @ 1.5 T 50Hz,  Grade: CRNO, As Per Drawing No : 5011-04-00-02.",CC-555-,KGS,126.21,recent PO (age-weighted),125.0,2026-02-10,0,62.0
CC-555-00209,"Limb core  56(L) x 85(W) CRNO 0.35 mm Thick , CORE LOSS : MAX 1.2 W / Kg @ 1.5 T 50Hz,  Grade: CRNO, 25C1500, as per drawing.",CC-555-,KGS,62.0,metal benchmark (indicative),,,0,62.0
CF-555-00051,"Locking Angle, 25 KVA, MS ISMC, Size: 170 X 50 MM As Per Drawing",CF-555-,KGS,62.0,metal benchmark (indicative),,,0,62.0
CF-555-00204,"Locking Angle, MS, Size: 234(L) X 50/50(W) X 5(T) mm, as per dwg: 4007-00-12",CF-555-,KGS,62.0,metal benchmark (indicative),,,0,62.0
CF-555-00261,"MS Core Foot 250 KVA, Size: 400(L) X60(W) X16(T) MM as per draiwng no:3007-00-00-06",CF-555-,KGS,62.0,metal benchmark (indicative),,,0,62.0
PRD-SPL-00290,"MS Pallet, (6mm sheet - 60 x 1000 mm), (6mm sheet - 100 x 1000 mm), (8mm sheet - 80 x 1000 mm),",PRD-SPL-,KGS,62.0,metal benchmark (indicative),,,0,62.0
PKG-000-00051,MS Patti Packing Roll,PKG-000-,KGS,62.0,metal benchmark (indicative),,,0,62.0
PRD-SPL-00520,"MS Round Bar, Dia: 6mm",PRD-SPL-,KGS,85.0,recent PO (age-weighted),85.0,2026-03-17,,62.0
PRD-SPL-00518,"MS Round Tube, Dia: 50mm X Thick: 1.5mm",PRD-SPL-,KGS,72.2,recent PO (age-weighted),59.5,2026-06-16,,62.0
PRD-SPL-00501,MS SQUARE PIPE 40 X 40 X 1.5MM,PRD-SPL-,KGS,56.84,recent PO (age-weighted),61.5,2026-08-10,,62.0
PKG-000-00087,Metal Strip,PKG-000-,KGS,62.0,metal benchmark (indicative),,,0,62.0
PNI-000-10120,Mild Steel (MS) Chequered Sheet Size: 8 feet X 4 feet,PNI-000-,KGS,66.5,recent PO (age-weighted),66.5,2026-06-29,,62.0
PNI-000-10118,"Mild Steel L-Angle, Size: 20 mm X 20 mm X 3 mm",PNI-000-,KGS,58.51,recent PO (age-weighted),59.5,2026-08-10,,62.0
PNI-000-10119,"Mild Steel L-Angle, Size: 35 mm X 35 mm X 5 mm",PNI-000-,KGS,55.5,recent PO (age-weighted),56.51,2026-08-10,,62.0
CF-555-00206,"Terminal Support L brackets, MS sand blasted, Size: 125(L) X 35(W) X 4(T) mm, as per dwg: 4007-00-14",CF-555-,KGS,62.0,metal benchmark (indicative),,,0,62.0
CF-555-00205,"Terminal Support brackets, MS sand blasted, Size: 170(L) X 40(W) X 6(T) mm, as per dwg: 4007-00-13",CF-555-,KGS,62.0,metal benchmark (indicative),,,0,62.0
CF-555-00053,"Top Bracket HV, 100 KVA, MS ISMC, Size: 1045 X 100 X 50 MM As Per Drawing",CF-555-,KGS,62.0,metal benchmark (indicative),,,0,62.0
CF-555-00044,"Top Bracket HV, 25 KVA, MS ISMC, Size: 765 X 75 X 40 MM As Per Drawing",CF-555-,KGS,62.0,metal benchmark (indicative),,,0,62.0
CF-555-00048,"Top Bracket HV, 63 KVA, MS ISMC, Size: 960 X 75 X 40 MM As Per Drawing",CF-555-,KGS,62.0,metal benchmark (indicative),,,0,62.0
CF-555-00054,"Top Bracket LV, 100 KVA, MS ISMC, Size: 1045 X 100 X 50 MM As Per Drawing",CF-555-,KGS,62.0,metal benchmark (indicative),,,0,62.0
CF-555-00045,"Top Bracket LV, 25 KVA, MS ISMC, Size: 765 X 75 X 40 MM As Per Drawing",CF-555-,KGS,62.0,metal benchmark (indicative),,,0,62.0
CF-555-00049,"Top Bracket LV, 63 KVA, MS ISMC, Size: 960 X 75 X 40 MM As Per Drawing",CF-555-,KGS,62.0,metal benchmark (indicative),,,0,62.0
MFS-111-00033,Transformer Tank Assembly for 100 KVA,MFS-111-,KGS,62.0,metal benchmark (indicative),,,0,62.0
MFS-111-00030,Transformer Tank Assembly for 25 KVA,MFS-111-,KGS,62.0,metal benchmark (indicative),,,0,62.0
MFS-111-00031,Transformer Tank Assembly for 63 KVA,MFS-111-,KGS,62.0,metal benchmark (indicative),,,0,62.0
CC-555-00404,"Yoke Core Lamination Strips, Size: 125(L) x 45(W), Grade: CRNO, M250-35A, 0.35MM, Core Loss <2.1 W/Kg@1.5 T, 50Hz,  As Per Drawing No: 5005-03-B01-02",CC-555-,KGS,130.0,recent PO (age-weighted),130.0,2025-12-16,,62.0
CC-555-00061,"Yoke Core Lamination Strips, Size: 250(L) X 50(W), Hole: Ø11MM, 3PLX Grade: CRNO, M310, 0.5MM, Max Core Loss 3.1 W/Kg@1.5 T, 50Hz",CC-555-,KGS,62.0,metal benchmark (indicative),,,0,62.0
CC-555-00331,"Yoke Core Lamination Strips, Size: 280(L) X 40(W), Grade: CRNO 0.35 thk MM, Max Core Loss <2.1 W/Kg@1.5 T, 50Hz, As per drawing No: 5019-00-02",CC-555-,KGS,62.0,metal benchmark (indicative),,,0,62.0
CC-555-00169,"Yoke Core Lamination Strips, Size: 330(L) X 70(W), Hole: Ø14MM, 3PLX Grade: CRNO, 0.25MM, Max Core Loss 0.83 W/Kg@1.5 T, 50Hz",CC-555-,KGS,62.0,metal benchmark (indicative),,,0,62.0
CC-555-00481,"Yoke Core Lamination, Size : 252(L) x 80(W) mm, CRNO Grade: M250-35A, 0.35mm, Max Core Loss 2.7W/Kg@1.5T, 50Hz, As Per Drawing No : 5023-B01-02",CC-555-,KGS,62.0,metal benchmark (indicative),,,,62.0
CC-555-00440,"Yoke Core Lamination, Size : 260(L) x 50(W)mm, CRNO Grade : 0.35mm, Max Core Loss : 2.7W/kg@1.5T, 50Hz, As Per Drawing No : 5014-11-B01-02",CC-555-,KGS,132.0,recent PO (age-weighted),132.0,2026-04-07,,62.0
CC-555-00436,"Yoke Core Lamination, Size : 330(L) x 50(W)mm, CRNO Grade : 0.35mm, Max Core Loss 2.7W/kg@1.5T, 50Hz, As Per Drawing No : 5014-09-B01-02",CC-555-,KGS,132.0,recent PO (age-weighted),132.0,2026-04-07,,62.0
CC-555-00479,"Yoke Core Lamination, Size : 415(L) x 65(W) mm, CRNO Grade: M250-35A, 0.35mm, Max Core Loss 2.7W/Kg@1.5T, 50Hz, As Per Drawing No : 5018-02-B01-02",CC-555-,KGS,62.0,metal benchmark (indicative),,,,62.0
CC-555-00466,"Yoke Core Lamination, Size : 560(L) x 60(W) mm, CRNO Grade: M250-35A, 0.35mm, Max Core Loss 2.5W/Kg@1.5T, 50Hz, As Per Drawing No : 2027-01-B01-03",CC-555-,KGS,135.0,recent PO (age-weighted),135.0,2026-07-01,,62.0
CC-555-00167,"Yoke Core Size : 285 (L) x 55 (W), CRNO 0.35 mm Thick , Core Loss : <1.3 W / Kg @ 1.5 T 50Hz,  Grade: CRNO, As Per Drawing No :  5011-04-00-02.",CC-555-,KGS,124.75,recent PO (age-weighted),125.0,2026-02-10,0,62.0
CC-555-00208,"Yoke core 280 (L) x 85 (W) CRNO 0.35 mm Thick , CORE LOSS : MAX 1.2 W / Kg @ 1.5 T 50Hz,  Grade: CRNO, 25C1500, as per Drawing.",CC-555-,KGS,62.0,metal benchmark (indicative),,,0,62.0
CC-555-00366,"Core E & I Lamination 1 - Ph Type 180 CRNO Grade: M210-35A, 0.35MM, Max Core Loss <2.1 W/Kg@1.5 T, 50Hz, As Per Drawing No: 4023-07-00-02",CC-555-,KGS,270.0,metal benchmark (indicative),,,0,270.0
CC-555-00367,"Core E & I Lamination, 1 - Phase, Type 226, CRNO Grade : M250-35A, 0.35(T)mm, Max Core Loss <2.1W/Kg@1.5T, 50Hz, As Per Drawing No : 2024-12-00-02",CC-555-,KGS,170.0,recent PO (age-weighted),170.0,2026-07-21,0,270.0
CC-555-00359,"Core Lamination 1, Size : 495(L) X 140(W) mm, CRNO Grade: M250-35A, 0.35MM, Max Core Loss 2.5 W/Kg@1.5 T, 50Hz, As per Drawing No : 2027-00-03",CC-555-,KGS,270.0,metal benchmark (indicative),,,0,270.0
CC-555-00360,"Core Lamination 2, Size : 460(L) X 140(W) mm, CRNO Grade: M250-35A, 0.35MM, Max Core Loss 2.5 W/Kg@1.5 T, 50Hz, As per Drawing No : 2027-00-03",CC-555-,KGS,270.0,metal benchmark (indicative),,,0,270.0
CC-555-00361,"Core Lamination 3, Size : 300(L) X 140(W) mm, CRNO Grade: M250-35A, 0.35MM, Max Core Loss 2.5 W/Kg@1.5 T, 50Hz, As per Drawing No : 2027-00-03",CC-555-,KGS,270.0,metal benchmark (indicative),,,0,270.0
CC-555-00363,"Limb Core Lamination, Size : 40(L) X 140(W) mm, CRNO Grade: M250-35A, 0.35MM, Core Loss <2.1 W/Kg@1.5 T, 50Hz, As per Drawing No : 2027-00-04",CC-555-,KGS,270.0,metal benchmark (indicative),,,0,270.0
CC-555-00362,"Yoke Core Lamination, Size : 740(L) X 140(W) mm, CRNO Grade: M250-35A, 0.35MM, Core Loss <2.1 W/Kg@1.5 T, 50Hz, As per Drawing No : 2027-00-04",CC-555-,KGS,270.0,metal benchmark (indicative),,,0,270.0
